Business Name,Phone,City,Niche,Has Website,Website Link,Google Maps Link,SERP Ranked,SERP Source
Raahiz Travels - Hubli Car Rental With Driver,9945733200,Hubli,Car Rentals,Y,https://raahiztravels.com/,,Y,GBP
SAGAR TRAVELS - BEST TAXI SERVICE AND CAR RENTAL IN HUBLI,7204573702,Hubli,Car Rentals,Y,https://sagartravelshubli.com/,,N,
Queens Car Rental & Taxi,8884477768,Hubli,Car Rentals,Y,https://queenscarrental.in/,,Y,GBP
Swadeshi Car Rentals – Hubli Airport Taxi & Car Hire with Driver,7286051052,Hubli,Car Rentals,Y,https://swadeshicarrentalshubli.com/,,Y,GBP
Goutami Car Rentals,9591853350,Hubli,Car Rentals,Y,https://gautamicarrentals.com/,,N,
Swami Cars | Tours and travels Hubballi-Dhadwad,9663509588,Hubli,Car Rentals,Y,https://www.swamicars.com/,,N,
"Malatesh Tours Travels | Car Rental Service | Best Taxi Cab | Travel,Tourism agency in Hubli",7676608779,Hubli,Car Rentals,N,,,N,
Hubli Dharwad Cabs | Best cab service in Hubli | Hubli car rental service | Best taxi service in Hubli,8050842074,Hubli,Car Rentals,Y,https://www.hublicabservice.in/,,N,
Akash Cabs Hubli - Best Car Rental Company in Hubli,6362189963,Hubli,Car Rentals,Y,https://akashcabshubli.in/,,N,
Hubli self drive car rental,8660480872,Hubli,Car Rentals,N,,,N,
KHUSHI TOURS AND TRAVELS,9945599193,Hubli,Car Rentals,Y,http://kushitravels.com/,,N,
Shreeshail Tours &Travels | Car Rental | Mini Bus On Rent | Tempo Traveller On Rent,8722962143,Hubli,Car Rentals,Y,https://www.shreeshailtourstravels.com/,,N,
Virat Cabs | Car Rental Services In Hubli-Dharwad,9606461119,Hubli,Car Rentals,Y,http://www.viratcabs.in/,,Y,Organic
Samasvi Self Drive Cars,9980592696,Hubli,Car Rentals,Y,https://samasviselfdrivecars.netlify.app/,,N,
Sudarshan Cars - Car Rental in Hubballi,MISSING,Hubli,Car Rentals,Y,https://sudarshancars.com/,,N,
Matrix Travels Hubli,9886127900,Hubli,Car Rentals,Y,https://matrixtravelshubli.com/,,N,
Bharattoursandtravels,9535220148,Hubli,Car Rentals,Y,https://www.bharattoursandtravels.com/,,N,
Balaji.Cab.Hubli Taxi service || Cabs service in hubli,6360318644,Hubli,Car Rentals,Y,https://balajicabhublidharwad.com/,,N,
Nikhil Travels - Best Taxi Service in Hubli and Cab Booking Company,8105049117,Hubli,Car Rentals,Y,https://nikhiltravelshubli.com/,,N,
B/T Basava Travels keshwapur hubli,9342280727,Hubli,Car Rentals,N,,,N,
SHIVA CABS,7816001188,Hubli,Car Rentals,Y,http://www.shivacabshubballi.com/,,N,
Leaders Tours And Travels -Taxi Service In Hubli -Mini Bus On Rent In Hubli- Tempo Traveller On Rent In Hubli- Car Rentals,8088448939,Hubli,Car Rentals,Y,http://leaderstoursandtravels19.com/,,N,
Shanthi Tours and Travels,9110248329,Hubli,Car Rentals,Y,https://shanthicab.com/,,N,
Pratiksha Tours and Travels,8660117422,Hubli,Car Rentals,Y,https://pratikshacab.com/,,N,
Shri sheshadri tour's and travels,8904360468,Hubli,Car Rentals,N,,,N,
A1 Roshan Tours and Travels,6360017092,Hubli,Car Rentals,Y,https://a1roshantoursandtravels.com/,,N,
Sri Ganesh Tours & Travels,9845601599,Hubli,Car Rentals,Y,http://www.sgthubli.com/,,N,
Suman Cabs Pvt Ltd,9739186786,Hubli,Car Rentals,Y,https://www.sumancabs.in/,,N,
Tirupati cab's,8660066375,Hubli,Car Rentals,Y,https://tirupaticabs.in.net/,,N,
Rent A Ride,9148157337,Hubli,Car Rentals,N,,,N,
SHUBHADA TOURS AND TRAVELS,9945405464,Hubli,Car Rentals,N,,,N,
Sri Manjunatha Holidays,8618150351,Hubli,Car Rentals,Y,https://srimanjunathaholidays.com/,,N,
Chandu Tours And Travels Taxi service and Car rental in Hubli,8618688318,Hubli,Car Rentals,Y,https://chandutoursandtravels.com/,,N,
Prithvik Tours & Travels,7975049158,Hubli,Car Rentals,Y,https://prithviktoursandtravels.in/,,N,
Hubli Travels,9483782463,Hubli,Car Rentals,Y,https://hublitravels.com/,,N,
Prime Bike Rental Services,8050417725,Hubli,Car Rentals,N,,,N,
Shashi Cabs Hubli,9886844777,Hubli,Car Rentals,Y,https://shashicabs.com/,,N,
Sunrise Cabs Hubli,9741660067,Hubli,Car Rentals,Y,https://sunrisecabs.in/,,N,
LAXMI CAB'S HUBLI,MISSING,Hubli,Car Rentals,Y,https://shrilaxmitoursandtravels.in/,,N,
Royal Travels hubli,9449750040,Hubli,Car Rentals,Y,http://royaltravelshubli.com/,,N,
ocean cabs and car rental service,9945806203,Hubli,Car Rentals,Y,https://oceancabandcarrentalservice.in/,,N,
GAGANA CABS HUBLI,9945898501,Hubli,Car Rentals,N,,,N,
SAI CABS HUBLI | Taxi Service In Hubli,7760046119,Hubli,Car Rentals,Y,https://saicabs.in/hubli-dharwad-taxi-service/,,N,
STAR TRAVELS HUBLI Hubli Self Drive Cab in Hubli Taxi service in Hubli Rental Car Hubli Tempo Traveller Airport Taxi Hubli,9449649887,Hubli,Car Rentals,Y,http://www.startravelshubli.com/,,N,
Seven Tours And Travels,9620906777,Hubli,Car Rentals,Y,https://jsdl.in/DT-27I7GLBGW3T,,N,
Trishika Car Rental Hubli | Best Taxi Service & Airport Cabs,8217577849,Hubli,Car Rentals,Y,https://trishikacarrentalhubli.in/,,N,
Shree Vinayak Travels - Best travels in Hubli,8762332724,Hubli,Car Rentals,N,,,N,
Hubli Z Bike Rental,9108764291,Hubli,Car Rentals,Y,https://hublizbikerental.in/,,N,
SStravelshubli| Best taxi service in Hubli,7411435478,Hubli,Car Rentals,Y,https://sstravelshubli.com/,,N,
Shanteshwara Taxi & Rental Hub,8310595137,Hubli,Car Rentals,Y,https://shanteshwarataxiandrental.in/,,N,
Hubli Cabs | Best cab service in Hubli | Best taxi service in Hubli - Dharwad,9620044102,Hubli,Car Rentals,Y,https://www.hublicabs.com/,,N,
RT CABS,8884033312,Hubli,Car Rentals,N,,,N,
JAYNEX TOURS AND TRAVELS,9108858781,Hubli,Car Rentals,Y,http://jaynextravels.com/,,N,
Mandarthi travels,MISSING,Hubli,Car Rentals,Y,https://mandarthitravels.com/,,N,
The apple cabs tour's & travels,9535712432,Hubli,Car Rentals,Y,http://theapplecabs.com/,,N,
Hubli Travels Pvt Ltd,9972144684,Hubli,Car Rentals,Y,https://hubballitravels.com/,,N,
Twin city Tours and Travels,9594229555,Hubli,Car Rentals,Y,https://twincitytoursandtravels.in/,,N,
RENTO BIKES - Bike Rentals (Bike On Rent) | Bike Rental in Hubli | Rental Bikes in Hubli,8884488891,Hubli,Car Rentals,Y,https://www.rentobikes.com/,,N,
Jai Bhavani Travels,8296510810,Hubli,Car Rentals,N,,,N,
Amma Cabs Hubli Taxi service Cab service in Hubli,9019813892,Hubli,Car Rentals,Y,https://ammacabshubli.com/,,N,
Sinchana Tours & Travels,7022363643,Hubli,Car Rentals,Y,https://www.sinchanatravels.com/,,N,
Sakshi Tours & Travels,9480980566,Hubli,Car Rentals,Y,http://sakshitoursandtravels.com/,,N,
Kiran Tours and Travels Hubli,7019957876,Hubli,Car Rentals,N,,,N,
Hubli car rental - car rental service in Hubli - Dharwad,9986068725,Hubli,Car Rentals,Y,https://hubli-car-rental-car.grexa.site/,,N,
Airavat Cab Hubli,9483586187,Hubli,Car Rentals,Y,https://airavatcabhubli.com/,,N,
Abhinaya Tours & Travels,9886917090,Hubli,Car Rentals,N,,,N,
Gagan Tours and Travels,9448324086,Hubli,Car Rentals,N,,,N,
Sara Bike Rental Hubli,9481789990,Hubli,Car Rentals,Y,https://www.sarabike.com/,,N,
Kamat Tourist Pacel Office,8362251236,Hubli,Car Rentals,Y,http://www.kamatbus.com/,,N,
FRIENDS CAR CARE,9740062076,Hubli,Car Rentals,N,,,N,
Hubli taxi service,9481720391,Hubli,Car Rentals,Y,https://hublitaxiservices.com/,,N,
Royal Brothers - Bike Rentals - Hubli-Dharwad,9019595595,Hubli,Car Rentals,Y,https://www.royalbrothers.com/jaipur/bike-rentals?utm_id=gmb&utm_campaign=jpr_balkrishna_square&utm_medium=organic&utm_source=google_maps,,N,
KISSAN TOURS AND TRAVELS,9060598081,Hubli,Car Rentals,N,,,N,
Self Drive Cars/Bikes/Scooty In Hubli - Awesome Cars/Bikes/Scooty| Bike Rental in Hubli,MISSING,Hubli,Car Rentals,Y,https://selfdrivecarsinhubliawesomecars.netlify.app/,,Y,Organic
Vishal Travels Hubli,9035142029,Hubli,Car Rentals,Y,http://www.vishaltravelshubli.com/,,N,
KA COMFORTS - TOURS AND TRAVELS | CAB SERVICE | CAR RENTAL | TRAVEL PLANNERS | HUBLI,8217580782,Hubli,Car Rentals,N,,,N,
NN TRAVEL WORLD,8362357852,Hubli,Car Rentals,N,,,N,
Auuto Express,9036190365,Hubli,Car Rentals,N,,,N,
shravan p hunasagi enterprises hubli,7348838305,Hubli,Car Rentals,N,,,N,
Suraksha Tours And Travels Hubli,8050964806,Hubli,Car Rentals,Y,http://www.surakshatours.com/,,N,
SRS Travels Hubballi,8364252241,Hubli,Car Rentals,Y,http://www.srsbooking.com/,,N,
"Tirupati Cabs, Hubballi-Dharwad",8088190082,Hubli,Car Rentals,Y,https://tirupaticabshubli.com/,,N,
Naveen Transport & Travels,9448273398,Hubli,Car Rentals,N,,,N,
Wheelz Travels Hubli,8310280516,Hubli,Car Rentals,Y,https://wheelztravelshubli.com/,,N,
SS Tourist (Unit of Magadi Groups) |Bus Rental in Hubli Dharwad,9945129345,Hubli,Car Rentals,Y,https://www.ssbooking.in/,,N,
Ganesh Tours and Travels,8362256777,Hubli,Car Rentals,N,,,N,
Shri Laxmi Venkatesh Travels,9141392003,Hubli,Car Rentals,Y,https://shrilaxmivenkateshtravels.sulekha.com/,,N,
Atlas Tours and Travels Pvt Ltd - PITT - Hubli Branch,8364276308,Hubli,Car Rentals,Y,https://www.atlastravels.com/,,N,
Kadam tours & travels Hubli,9480891569,Hubli,Car Rentals,Y,https://kadamtoursandtravelshubli.com/,,N,
KGN TRAVELS HUBLI,9591480201,Hubli,Car Rentals,N,,,N,
Shri Guru Cab,9483025005,Hubli,Car Rentals,N,,,N,
Akbar Travels Of India Pvt Ltd,8976892269,Hubli,Car Rentals,Y,https://www.akbartravels.com/,,N,
"Shree Jee Auto Point accessories store Dealer of Royal Enfield, Motul, Liqui Moly, AXOR, Vega, Studds,SMK, RYNOX, ZANA,",9880243362,Hubli,Car Rentals,N,,,N,
suraj travel,8095661936,Hubli,Car Rentals,Y,https://surajtravels.in.net/,,N,
Travelcations KA,8884333741,Hubli,Car Rentals,Y,http://www.travelcations.co/,,N,
IshaCab Hubli,8431239993,Hubli,Car Rentals,Y,https://www.ishacabhubli.com/,,N,
India International Travel Services,9972598358,Hubli,Car Rentals,Y,http://indiainternationaltravels.com/,,N,
Sugama Tourist,9480885233,Hubli,Car Rentals,Y,http://www.sugamatourists.com/,,N,
Car S Care,9844925636,Hubli,Car Rentals,Y,https://t.justdial.com/Hubli/Car-S-CareMahalaxmi-Auto-Service-Centre-Vikas-Nagar/0836PX836-X836-140529170359-N4J3_BZDET?stype=company_detail,,N,
Vista World Tours,9611576565,Hubli,Car Rentals,N,,,N,
S M CAR DECOR,9741135244,Hubli,Car Rentals,N,,,N,
Easy Ride Hubli,9482475372,Hubli,Car Rentals,Y,https://easy-ride.in/,,N,
sanjana CSC center and Driving school,8362257205,Hubli,Car Rentals,N,,,N,
EasyRide Hubli,8095633523,Hubli,Car Rentals,N,,,N,
Gmmco Limited - construction equipment & machinery suppliers - Hubli,8045681288,Hubli,Car Rentals,Y,https://www.locate.gmmco.in/gmmco-limited-ramkrishna-layout-hubli/strgm33/overview,,N,
Navali Enterprises,8277163999,Hubli,Car Rentals,Y,http://navalienterprises.com/?utm_source=gmb&utm_medium=referral,,N,
Phoenix Tuition Classes,8618060362,Hubli,Tuition Centres,N,,,N,
Elite Prodigy Coaching Center (Tuition classes),9036920303,Hubli,Tuition Centres,Y,http://eliteprodigycoaching.co.in/,,N,
LEARNERS IT ACADEMY,8660293500,Hubli,Computer Training,N,,,N,
SSR TUTORIALS,9480281734,Hubli,Tuition Centres,N,,,N,
Savitri Educare,7619430130,Hubli,Tuition Centres,Y,http://www.savitrieducare.in/,,Y,GBP
"Kamakshi Academy- Tuitions for 8th, 9th, 10th,vedic math",7022890365,Hubli,Tuition Centres,N,,,N,
M R Academy - Swimming Coaching,9686722330,Hubli,Tuition Centres,N,,,N,
J K Shah Classes,8655792915,Hubli,JEE NEET Coaching,N,,,N,
"Physics Wallah Vidyapeeth Pathshala Coaching Center Hubli | IIT JEE, NEET & Foundation Classes",7428096975,Hubli,JEE NEET Coaching,Y,https://physicswallah.onelink.me/ZAZB/jhn9c2ch?utm_source=Google&utm_medium=GMB,,Y,GBP
Spectrum Study Centerrrrre,9886027201,Hubli,JEE NEET Coaching,N,,,N,
"Chetan Tutorials - 8th, 9th & 10th Coaching classes (Regular & Vacation)",9611326991,Hubli,JEE NEET Coaching,Y,https://www.justdial.com/Hubli/Chetan-Tutorial-Beside-Sukruti-PU-College-Vidyanagar-Hubli/0836PX836-X836-190604194029-J8A4_BZDET,,Y,Organic
T.I.M.E. Institute (Coaching Center For Competitive Exams Bank & MBA Entrance),9886132242,Hubli,JEE NEET Coaching,Y,http://www.time4education.com/,,N,
"Aakash Institute, Hubli",8800013051,Hubli,JEE NEET Coaching,Y,https://centers.aakash.ac.in/aakash-institute-hubli-coaching-center-vidyanagar-hubli-99217/Home,,Y,Organic
Unique Study Center,7975001869,Hubli,Tuition Centres,N,,,N,
Handwriting improvement centre,9482779529,Hubli,Tuition Centres,Y,https://mindpoweracademy.in/,,N,
QUEST competitive coaching centre Hubli,8660996035,Hubli,Tuition Centres,N,,,N,
VIVEKA ACADEMY TUTORIALS HUBLI,9071403393,Hubli,JEE NEET Coaching,Y,http://www.vivekaacademy.com/,,N,
SUCCESS MINDSET | Best Stock Market Training Institute Hubli,9481724247,Hubli,Tuition Centres,Y,https://successmindset.online/,,N,
NARAYANA IIT-JEE/NEET/FOUNDATION - HUBLI,7022043639,Hubli,JEE NEET Coaching,Y,https://www.narayanacoachingcenters.in/landingpage.php?branch=hubli,,Y,GBP
Success Academy,9113965436,Hubli,Tuition Centres,N,,,N,
"Avanti Learning Centres - Hubballi, Karnataka | Best IIT-JEE NEET NTSE CET & Foundation Coaching",6366437712,Hubli,JEE NEET Coaching,Y,https://avanti.in/coaching-institutes-in-hubli/,,N,
Chougala Tutorials,9886867543,Hubli,Tuition Centres,N,,,N,
Sampoorna Home Tuition,9743178481,Hubli,Tuition Centres,Y,https://sites.google.com/view/sampoornahometuition,,N,
Raj Tutorials of commerce,9945610240,Hubli,Computer Training,N,,,N,
Daniel Classes,7019340400,Hubli,Tuition Centres,Y,http://www.danielclasses.com/,,N,
SSB's Alora Institute,7204513619,Hubli,JEE NEET Coaching,Y,http://alorainstitute.com/,,N,
Jeevishaala Tutorials,9916949338,Hubli,JEE NEET Coaching,Y,https://www.jeevishaala.com/,,N,
VIRESH ACADEMY HUBLI,8553619072,Hubli,Tuition Centres,N,,,N,
"Praveen Academy (Tuitions) , Commerce & Science Classes",9844643034,Hubli,Tuition Centres,N,,,N,
💥Skymount Educadd💥,9844597777,Hubli,Computer Training,Y,http://skymount.in/,,N,
Karnataka School Of Banking,7259988771,Hubli,JEE NEET Coaching,Y,https://nandyalbankcoachingcenter.in/,,N,
Mahesh Tutorials,9591293749,Hubli,Tuition Centres,Y,https://www.youtube.com/watch?v=QhNZC6tiqKA,,N,
TIDI Academy Hubballi | No. 1 Stock Market Coaching Academy in Hubballi | Stock Market Coaching Hubballi,9900015380,Hubli,Tuition Centres,Y,https://tidiuniversity.com/,,N,
Prakash Tutorials,9880334742,Hubli,Tuition Centres,N,,,N,
The Institute Of Chartered Accountants Of India,8362360081,Hubli,Tuition Centres,N,,,N,
Shri Durga Sports Academy || Vidya Nagar || Hubballi,9986688817,Hubli,Tuition Centres,Y,https://www.crickingdom.com/post/shri-durga-sports-academy-ribbon-cutting-in-hubli,,N,
"Myle Academy Study Center | IIT- JEE, NEET, K-CET, Coaching Center in Hubli",9964059222,Hubli,JEE NEET Coaching,N,,,Y,GBP
SavitaSoft Computer Education,8364265112,Hubli,Computer Training,Y,https://www.savitasoft.co.in/,,N,
NAKSHATRA TECHNOLOGIES,9448110341,Hubli,Computer Training,N,,,N,
Vector Navodaya Coaching Centre,9535266025,Hubli,Tuition Centres,Y,https://forms.gle/jDCbiZLhsWaUZrNa7,,N,
"Veta, Spoken English Training Centre",8364254319,Hubli,JEE NEET Coaching,Y,http://www.veta.in/,,N,
"ALLEN Career Institute - Hubballi Campus | IIT JEE, NEET & Foundation Coaching",9513763601,Hubli,JEE NEET Coaching,Y,https://www.allen.ac.in/hubbali/?utm_source=GMB&utm_medium=Organic&utm_campaign=ALLEN_Career_Institute_Hubbali_Campus,,Y,GBP
"Apponix Academy, Hubballi",9069980888,Hubli,Computer Training,Y,https://www.apponix.com/hubli/training-courses-in-hubli-dharwad.html,,N,
Vidya Science Academy,9148991771,Hubli,JEE NEET Coaching,N,,,N,
"AMEYYA INSTITUTE | Educational institute, center for job & career",8884476667,Hubli,Computer Training,Y,http://www.ameyya.in/,,N,
"Navodaya Coaching centre Hubli, Rajput Excellent Academy",9148138596,Hubli,Tuition Centres,N,,,N,
Disha Career Institute Hubli,8660559772,Hubli,JEE NEET Coaching,N,,,N,
Crystal Institute Of Competitive Studies(CICS) Hubli | Banking / SSC / RRB / PGCET(MBA/MCA) Exams,8431811466,Hubli,Tuition Centres,Y,https://www.crystalinstituteofcompetitivestudies.com/,,N,
Trinetra Dance Studio,8050371882,Hubli,Tuition Centres,N,,,N,
NOVA library,8105328096,Hubli,Tuition Centres,Y,https://nova-library-two.vercel.app/,,N,
Pragati Poshak,9242109383,Hubli,Computer Training,Y,https://pragatiposhak.com/,,N,
Dhanyosmi Yoga Kendra,9480397682,Hubli,Gyms,N,,https://www.google.com/maps/place/Dhanyosmi+Yoga+Kendra/data=!4m7!3m6!1s0x3bb8d0ad5389634b:0xae130fa02960bd61!8m2!3d15.3710025!4d75.1432144!16s%2Fg%2F11dfxdrpsl!19sChIJS2OJU63QuDsRYb1gKaAPE64?authuser=0&hl=en&rclk=1,N,
SET Institute - Study Abroad Consultancy | IELTS | Digital Marketing Course | Spoken English | Data Analytics,8095266999,Hubli,Computer Training,Y,http://www.thesetinstitute.com/,,Y,GBP
Avanti Integrated PU Science College,8904343111,Hubli,JEE NEET Coaching,Y,http://www.aavanti.in/,,N,
Cad Center hubli,9731815522,Hubli,Tuition Centres,Y,http://www.caddcentre.com/,,N,
Logic Computer Center,8951495955,Hubli,JEE NEET Coaching,Y,http://www.lccgroups.com/,,N,
Disha Computer Institute Hubli | Programming Language | Full Stack Development | Data Analyst | 100% Job Assistance,9307363226,Hubli,Computer Training,Y,https://dishagrouphubli.in/,,Y,GBP
BITS HARDWARE COMPUTER,8296887181,Hubli,Computer Training,Y,http://venuscareeracademy.com/,,N,
Beats & Moves Dance Studio,9742842956,Hubli,Gyms,N,,https://www.google.com/maps/place/Beats+%26+Moves+Dance+Studio/data=!4m7!3m6!1s0x3bb8d76649b810f7:0x7d9eadff87b9ddbe!8m2!3d15.3618747!4d75.1355038!16s%2Fg%2F11c4bfxd_8!19sChIJ9xC4SWbXuDsRvt25h_-tnn0?authuser=0&hl=en&rclk=1,N,
Hubballi Cricket Academy,9902004127,Hubli,JEE NEET Coaching,N,,,N,
Tally Academy Hubli,8362370786,Hubli,Computer Training,N,,,N,
"STOCK MARKET TRAINING INSTITUTE, Hubli by Quest Capital",8884316999,Hubli,Tuition Centres,Y,https://stockmarketinkannada.in/,,N,
Oxford Degree College of BCA MCA,8549001111,Hubli,JEE NEET Coaching,Y,https://oxfordcollege.edu.in/,,N,
Edureka Learning Center - Vidyanagar Hubli,6363888601,Hubli,Tuition Centres,N,,,N,
Edurightz Training & Placements | Digital marketing | Full stack Development | SAP Course | Computer Course in Hubli,9663150949,Hubli,Computer Training,Y,https://www.edurightz.com/,,N,
CA Dayanand Bongale Stock Market Training Institute HUBBALLI,6362406119,Hubli,Tuition Centres,Y,https://www.cadayanandbongale.com/,,N,
BASE Education - Hubballi,8362252685,Hubli,JEE NEET Coaching,Y,http://www.baseedu.in/,,N,
ICS Computer Institute,8362371404,Hubli,Computer Training,Y,http://www.icsindia.org/,,N,
"THE GATE ACADEMY, HUBLI",9611326991,Hubli,JEE NEET Coaching,Y,https://www.thegateacademy.com/,,N,
Prabhavi Tuition Classes,6362081811,Hubli,Tuition Centres,Y,http://www.prabhaviacademy.in/,,N,
AgileiTech Best Software Training Institute In Hubli,6363888601,Hubli,Computer Training,Y,https://agileitech.com/,,N,
Royale IAS & KAS Academy,9880215199,Hubli,JEE NEET Coaching,N,,,N,
"FirstCry Intellitots Preschool & Daycare - Keshwapur, Hubli",8951236695,Hubli,Tuition Centres,Y,https://www.firstcry.com/intelli/intellitots/preschool-near-you/Hubli/Keshwapur/?utm_source=google&utm_medium=cpc&utm_campaign=Promotion,,N,
Plash Swimming Pool,9353097626,Hubli,Tuition Centres,Y,https://sites.google.com/view/plash-swimming-pool/home?authuser=4,,N,
Pace Career Academy | Digital Marketing Training in Hubli | Digital Marketing Courses in Hubli,9021906481,Hubli,Tuition Centres,Y,https://pacecareer.in/digital-marketing-master-course.php,,N,
GIT IT ACADEMY | Full Stack Development| Cyber Security| Data Analytics| Tally GST | Placement,9741560586,Hubli,Computer Training,Y,https://gititacademyhubli.in/,,Y,GBP
Stock Market Training Institute Hubli,8050390309,Hubli,Tuition Centres,Y,https://www.apponix.com/stock-market-training-institute-in-hubli,,N,
Crystal study Hall 24/7 Library [Unit-B],8217758484,Hubli,Tuition Centres,Y,http://www.crystalinstituteofcompetitivestudies.com/,,N,
Apponix Learning Solution,9069980888,Hubli,Tuition Centres,Y,http://www.apponix.com/,,N,
Stock Market Training Institute Hubli - Traders Academy,7899940430,Hubli,Tuition Centres,Y,http://livetotrade.in/,,N,
Samutkarsh IAS Karnataka,9663424767,Hubli,Tuition Centres,Y,http://samutkarshias.in/,,N,
Keonics,9731560726,Hubli,Computer Training,Y,http://www.keonics.in/english/ITInfra?cat=Mg==,,N,
Samarth Academy ಸಮರ್ಥ ಅಕಾಡೆಮಿ,9620451759,Hubli,JEE NEET Coaching,Y,https://samarth-academy.in/,,N,
"Dharwadhubballitutor (Power Bi, Advanced Excel,Data analytics, full stack development, digital marketing,software testing,)",9741237334,Hubli,Computer Training,Y,http://www.dharwadhubballitutor.com/hubli/,,Y,GBP
GTTC HUBLI,8362333159,Hubli,Tuition Centres,Y,https://gttc.karnataka.gov.in/12/hubli-/en,,N,
Yoga Education & Research Institute,7624930699,Hubli,Gyms,N,,https://www.google.com/maps/place/Yoga+Education+%26+Research+Institute/data=!4m7!3m6!1s0x3bb8d74d3ca36db9:0x96599d0826a8673a!8m2!3d15.3695687!4d75.132387!16s%2Fg%2F11dftdf_p3!19sChIJuW2jPE3XuDsROmeoJgidWZY?authuser=0&hl=en&rclk=1,N,
ARENA ANIMATION,8762214718,Hubli,Computer Training,Y,https://www.arenaanimationhubli.com/,,N,
"Grow Center -By Dr Reddy's Foundation, Job Placement Assistance",9063486505,Hubli,Computer Training,Y,http://grow.org.in/,,N,
careerLake (Training | Jobs | Software Development),9449261378,Hubli,Computer Training,Y,https://www.careerlake.com/,,N,
Inspire dance and fitness studio,8880857207,Hubli,Tuition Centres,N,,,N,
Onkar Driving School,9880005320,Hubli,Tuition Centres,N,,,N,
7 Star Multi Educare,9900677108,Hubli,Computer Training,N,,,N,
Sathvik Softech,8861523267,Hubli,Computer Training,Y,https://sathviksoftech.in/,,N,
Aarambha Educational Centre Hubli,8095275555,Hubli,Tuition Centres,Y,http://www.aarambhacentre.org/,,N,
Animation Frameboxx 2.0 Hubli,6366338281,Hubli,Tuition Centres,Y,https://frameboxxhubli.in/,,N,
BYJU'S Hubli Office,7483874355,Hubli,Tuition Centres,Y,http://www.byjus.com/,,Y,Organic
iZen AI Academy,8762214718,Hubli,Tuition Centres,N,,,N,
Infrastructure One Design School,9740844329,Hubli,Interior Designers,Y,https://infrastructureone.in/,,N,
Shiv laasya dance and fitness studio,8217749816,Hubli,Tuition Centres,N,,,N,
Dodamani Navodaya Coaching Classes,9902474409,Hubli,Tuition Centres,Y,https://dodamanituitions.com/,,N,
Angadi navodaya coaching classes,9341377901,Hubli,Tuition Centres,N,,,N,
Satellite Tower,9720142920,Hubli,Tuition Centres,N,,,N,
YOGA360,7619240155,Hubli,Gyms,Y,https://yoga360s.org/,https://www.google.com/maps/place/YOGA360/data=!4m7!3m6!1s0x3bb8d1602da3e7cd:0x11820c5c53ef8467!8m2!3d15.3657069!4d75.1224581!16s%2Fg%2F11fk4qyk70!19sChIJzeejLWDRuDsRZ4TvU1wMghE?authuser=0&hl=en&rclk=1,N,
Hubli sports shooting academy,9916016703,Hubli,Tuition Centres,Y,https://hublishootingacademy.com/,,N,
hubli sports club,9448112477,Hubli,Tuition Centres,N,,,N,
INFIWAY SOLUTIONS,9986746474,Hubli,Tuition Centres,N,,,N,
SiriSanskar kids care centreVidyanagar Hubli,9035307221,Hubli,Tuition Centres,N,,,N,
Gyanada Training Institute,9986949195,Hubli,Computer Training,N,,,N,
Disha Computer Institute CBT Hubli | Data Analytics | Full Stack | Programming Language | Animation & IT Courses in CBT Hubli,9071025777,Hubli,Computer Training,Y,https://www.dishagroup.in/,,Y,GBP
Disha Computer Institute Keshwapur,MISSING,Hubli,Computer Training,Y,https://sites.google.com/view/dishacomputerkeshwapur/home,,N,
Peace Computer Institute,9986466764,Hubli,Computer Training,N,,,Y,GBP
NAAZ Computer Education Centre,9980727289,Hubli,Computer Training,Y,https://sites.google.com/view/naazcomputereducationcenter/home,,N,
Victory computer academy,8892874073,Hubli,Computer Training,Y,https://www.instagram.com/victory_computer_academy/,,N,
K R Computers,9448083378,Hubli,Computer Training,Y,http://www.krcomputers.co.in/,,N,
UNITECHNO SOFTWARE DEVELOPMENT PVT.LTD,6363970527,Hubli,Computer Training,Y,https://unitechnocompany.com/,,N,
GCOMM LAB INC SAP TRAINING,7259719444,Hubli,Computer Training,Y,http://business.google.com/website/gcomm-lab-inc-sap-training,,N,
ICS COMPUTERS CBT,9901926021,Hubli,Computer Training,Y,http://www.icsindia.org/,,N,
SGC Infotech,7349558038,Hubli,Computer Training,Y,http://www.sgcinfotech.in/,,N,
Bright Computers,9148292730,Hubli,Computer Training,N,,,N,
"Gadget Gyan technology (Tally Support / Help and training desk, Basic computer training), Hubli",8884480400,Hubli,Computer Training,Y,http://www.ggtech.in/,,N,
"ME4U ACADEMY PVT. LTD/ ME4U INTERNATIONAL, Spoken English, Public Speaking classes",8904884654,Hubli,Computer Training,Y,https://me4u.co.in/,,N,
Clear Stream Solutions (Training | Placement | Software Development),7349581564,Hubli,Computer Training,N,,,N,
EDUCASA INTERNATIONAL,9848199957,Hubli,Computer Training,N,,,N,
Smart computer academy,9480047758,Hubli,Computer Training,Y,https://weareat.online/smart_computer_academy/,,Y,Organic
ICS Computers Savnur,MISSING,Hubli,Computer Training,Y,http://www.icsindia.org/,,N,
ICS Computer centre oldhubli,MISSING,Hubli,Computer Training,Y,http://www.icsindia.org/,,N,
VK Institute of Computer Education,9964261986,Hubli,Computer Training,Y,https://vkinstitute.in/,,N,
"Laptop chip level repair, services (Globe Tech)",9738223930,Hubli,Computer Training,Y,https://laptop-chip-level-repair.grexa.site/,,N,
HAEGL,7676348382,Hubli,Computer Training,Y,http://placements.haegl.in/,,N,
Gurukul Skills,9535971036,Hubli,Computer Training,Y,http://www.gurukulskills.com/,,N,
Saanvi Infotech,8095481266,Hubli,Computer Training,Y,https://sites.google.com/view/saanviinfotech/home,,N,
Anand Academy,9986601259,Hubli,JEE NEET Coaching,Y,http://www.anandacademy.com/,,N,
"Logic Computer Center, Dharwad",7829529043,Hubli,Computer Training,Y,https://www.justdial.com/Dharwad/Logic-Computer-Center-Opposite-Karishma-Hotel-Near-Toll-Naka-Dharwad-HO/0836PX836-X836-170905165733-L6B5_BZDET,,Y,Organic
BNS Tech Guru,8073719462,Hubli,Computer Training,N,,,N,
Sri Sai Mahaveer Learning Solution,8362375222,Hubli,Computer Training,N,,,N,
WinSoft Solutions,9980543806,Hubli,Computer Training,Y,http://www.winsoftinfosystem.com/,,N,
Mutturaj English 4 U,8904884654,Hubli,Computer Training,Y,http://me4u.co.in/,,N,
Renuka Education & Welfare Society – Skill Development Training Centre,8364056029,Hubli,Computer Training,Y,http://www.werenuka.in/,,N,
St. John's Polytechnic College,8362286174,Hubli,Computer Training,Y,http://www.stjohnspolytechnic.com/,,N,
Samarth Computer Training Center,7619371211,Hubli,Computer Training,Y,https://samarthcomputertc.odoo.com/,,N,
IBMR College,9945111232,Hubli,Computer Training,Y,https://www.ibmrcollege.com/,,N,
"DharwadHubballiTutor(Trading Classes,Web design and development, Digital Marketing, Data Science, Automation Testing)",9741237334,Hubli,Computer Training,Y,https://dharwadhubballitutor.com/,,N,
KLE Society PC Jabin Science College,8362372285,Hubli,Computer Training,Y,http://jabincollege.com/Default.aspx,,N,
GLOBAL INFOTECH - A Unit of ISCT GROUP,8362444249,Hubli,Computer Training,Y,http://www.isctonline.com/,,N,
iicreate Software Development and Training,7204766321,Hubli,Computer Training,Y,http://www.iicreate.live/,,N,
Renuka Education And Welfare Society,9916078770,Hubli,Computer Training,N,,,N,
Disha Computer Institute in Dharwad | Programming language | Coding Classes in Dharwad,9071024777,Hubli,Computer Training,Y,https://dishagroup.in/,,Y,GBP
MITRAS IT SOLUTIONS,9449059968,Hubli,Computer Training,N,,,N,
IBMR Business School I Top Mba College,9945111232,Hubli,Computer Training,Y,http://www.ibmr.edu.in/,,N,
Nexenstial LLP,7899874446,Hubli,Computer Training,Y,https://nexenstial.com/,,N,
Rabsons Info World Dharwad,9110679573,Hubli,Computer Training,Y,https://rabsons.edug.in/index,,N,
Skymount Institute,8970007777,Hubli,Computer Training,Y,http://www.skymount.in/,,N,
"Chetan Business School, Hubli",7337879532,Hubli,Computer Training,Y,https://chetanbschool.org/,,N,
InDataAi,6361212012,Hubli,Computer Training,Y,https://indataai.in/,,N,
ClickCrawl Media Pvt. Ltd.,9964182842,Hubli,Computer Training,Y,https://clickcrawl.net/,,N,
Code Pro Technologies - A Software Development Company,8105971019,Hubli,Computer Training,Y,https://www.alcodepro.com/,,N,
Apps Avenue,8123425381,Hubli,Computer Training,Y,https://appsavenue.in/,,N,
NVK’s INFOTECH,9108724999,Hubli,Computer Training,N,,,N,
SkillMotive Institute of spoken English & computer Class Dharwad,8660828280,Hubli,Computer Training,Y,https://www.theskillmotive.com/,,N,
SRI CHAITANYA TECHNO SCHOOL HUBLI,9901863566,Hubli,JEE NEET Coaching,Y,https://srichaitanyaschool.net/,,N,
KLE Institute of Technology,8362232681,Hubli,Computer Training,Y,https://www.kleit.ac.in/,,Y,Organic
COMTECH Education Centre,9480187617,Hubli,Computer Training,N,,,N,
PRESUL INFO TECH PVT LTD,8867275803,Hubli,Computer Training,Y,https://www.presulindia.com/,,N,
Government Polytechnic Hubli,8362277154,Hubli,Computer Training,Y,https://gpt.karnataka.gov.in/gpthubli/public/en,,N,
K.L.E Society's C.I.Munavalli Polytechnic,8362372204,Hubli,Computer Training,Y,http://www.klecimpoly.org/,,N,
Best EMT (Emergency Medical Technician) & Phlebotomy Course | Emversity Campus,7353148800,Hubli,Computer Training,Y,https://emversity.com/,,N,
Government Polytechnic for Women,MISSING,Hubli,Computer Training,Y,https://gpt.karnataka.gov.in/gwpthubli/public/en,,N,
NEUNET TECH SOLUTIONS,MISSING,Hubli,Computer Training,Y,https://www.neunettechsolutions.com/,,N,
Abhyudyaya Techno Solutions Pvt. Ltd,7337820923,Hubli,Computer Training,Y,https://www.abhyudyayatech.com/,,N,
"KLE Society's Institute of Management Studies and Research, Hubballi - MBA",8362377466,Hubli,Computer Training,Y,http://kleimsrhubli.org/,,N,
Jain College of Engineering & Technology Hubballi,6360003186,Hubli,Computer Training,N,,,N,
AnnuTechSolutions,8105317940,Hubli,Computer Training,Y,https://annutechsolutions.com/,,N,
KLE Technological University,8362378300,Hubli,Computer Training,N,,,N,
Almon Technologies,8362002211,Hubli,Computer Training,Y,https://almontechnologies.com/,,N,
Cadem Innovations,8880908085,Hubli,Computer Training,N,,,N,
Image Infocom Computers,9900264613,Hubli,Computer Training,N,,,N,
AMW Infotech,8310232253,Hubli,Computer Training,N,,,N,
"Global College Of Management, IT & Commerce",8362278222,Hubli,Computer Training,Y,http://www.globaleducare.co/,,N,
"KLE Society's BCA, Hubballi",9731893493,Hubli,Computer Training,Y,https://klebcahubli.in/,,N,
Jain Degree College Hubli,8364850394,Hubli,Computer Training,Y,https://hbl.jaincollege.ac.in/,,N,
ENTRACE India Pvt. Ltd. Formally known as LinkEZ Technologies Pvt Ltd,9999999776,Hubli,Computer Training,Y,https://entrace.ai/,,N,
Oxford Polytechnic,9538396121,Hubli,Computer Training,Y,http://www.oxfordpolytechnic.com/,,N,
Global Business School,8362972356,Hubli,Computer Training,Y,http://www.globalbschool.in/,,N,
MAX Career Academy (Max Spoken English & Max Computer Education),8867749446,Hubli,Computer Training,N,,,N,
Quadrangle,8362378103,Hubli,Computer Training,N,,,N,
Department of Automation & Robotics,8362378272,Hubli,Computer Training,N,,,N,
Mount Faran Polytechnic,8362203313,Hubli,Computer Training,N,,,N,
Hubli Dental Care,6364478999,Hubli,Dental Clinics,N,,,Y,GBP
Samant dental care,9035206602,Hubli,Dental Clinics,N,,,N,
Shree Vishwa Vande Dental Clinic Hubli,7899582038,Hubli,Dental Clinics,Y,https://www.vishwavandedental.com/,,Y,GBP
Deeksha Dental Care,8618812681,Hubli,Dental Clinics,N,,,N,
Muskaan dental and implant clinics,9880448970,Hubli,Dental Clinics,N,,,N,
Bhat Dental Care Centre,9945899316,Hubli,Dental Clinics,Y,https://www.bhatdentalclinic.com/,https://www.google.com/maps/place/Bhat+Dental+Care+Centre/data=!4m7!3m6!1s0x3bb8d75a7a82075b:0xbd07998670d7f728!8m2!3d15.3590228!4d75.1465115!16s%2Fg%2F11bzzpt640!19sChIJWweCelrXuDsRKPfXcIaZB70?authuser=0&hl=en&rclk=1,N,
The Tooth Place,9886774344,Hubli,Dental Clinics,Y,http://thetoothplace.co/,,N,
Jayade’s Dental World,9886640275,Hubli,Dental Clinics,Y,https://jayadedentalworld.com/,,Y,GBP
"Dr. Nihal Kothari – Best Dentist in Hubli-Dharwad | Nihal Dental Care | Root Canal, Implants, Smile Design & Kids Dentistry",8123693115,Hubli,Dental Clinics,Y,https://drnihalkothari.in/,,N,
LAKSHMI DENTAL CLINIC & IMPLANT CENTER,8861111801,Hubli,Dental Clinics,N,,,N,
Joshi’s dental and maxillofacial clinic,7259587992,Hubli,Dental Clinics,Y,http://www.joshidentalclinic.in/,,N,
Royal Dental Clinic and implant center,7204615486,Hubli,Dental Clinics,N,,,N,
Naik's Dental & Endodontic Clinic,9480752599,Hubli,Dental Clinics,N,,,N,
Smile world,9036141344,Hubli,Dental Clinics,N,,,N,
Nadiger dental clinic,8748930598,Hubli,Dental Clinics,N,,,N,
samant dental clinic,9035206602,Hubli,Dental Clinics,Y,https://www.facebook.com/share/1H2LqWAQQS/,,N,
Hema Dental,9448485233,Hubli,Dental Clinics,N,,,N,
Nakshatra Dental Clinic,7406921137,Hubli,Dental Clinics,N,,,N,
URBAN DENTAL CLINIC,8277070512,Hubli,Dental Clinics,N,,,N,
Shrinidhi Dental Care,9538422840,Hubli,Dental Clinics,Y,https://instagram.com/shrilaxmikaka?igshid=YmMyMTA2M2Y=,,N,
Jituri's INFINITY DENTAL CARE,9148088586,Hubli,Dental Clinics,N,,,N,
Smile Again Dental Clinic,8123427271,Hubli,Dental Clinics,N,,,N,
Deenar Dental Clinic,8362262480,Hubli,Dental Clinics,N,,,N,
Smile Line Dental Clinic,8362355510,Hubli,Dental Clinics,N,,,N,
KDC Dental Care,8362252344,Hubli,Dental Clinics,Y,http://www.kdcdentalcare.org/,,N,
Gums And Teeth Dental Clinic,9341689820,Hubli,Dental Clinics,N,,,N,
HABIB RONAK DENTAL CLINIC,9844041428,Hubli,Dental Clinics,N,,,N,
Vijapur Dental Clinic,8362369153,Hubli,Dental Clinics,N,,,N,
Ratna Creating Smiles (Dental Clinic),9844770182,Hubli,Dental Clinics,N,,,N,
Dr. Preeti Gandha - Dr. Preeti’s Dental Care,MISSING,Hubli,Dental Clinics,Y,https://www.ayushmanclinic.com/,,N,
ROOTS DENTAL CARE,8904481179,Hubli,Dental Clinics,Y,http://therootsdentalcare.in/,https://www.google.com/maps/place/ROOTS+DENTAL+CARE/data=!4m7!3m6!1s0x3bb8d7a16311aa05:0xf35c2dbd1b28aed9!8m2!3d15.3638299!4d75.1246429!16s%2Fg%2F11k3kw2w_y!19sChIJBaoRY6HXuDsR2a4oG70tXPM?authuser=0&hl=en&rclk=1,N,
Sigma Dental Care by Dr.Naumaan,7760282507,Hubli,Dental Clinics,N,,,N,
"Dr. Bashi Dental, Cosmetic & Hair Clinic",9035412775,Hubli,Dental Clinics,N,,,N,
OrthoSquare Dental Clinic,8071820852,Hubli,Dental Clinics,Y,https://dental-clinics.orthosquare.com/near-me/hubballi/Vidya-Nagar/orthosquare-dental-clinic-in-Vidya-Nagar-hubballi--NV7T9r/home,,N,
Rakshiit Dental Clinic,8362366377,Hubli,Dental Clinics,N,,,N,
Nanjannavar Dental Clinic,8867331970,Hubli,Dental Clinics,N,,,N,
SSONA DENTAL CARE's,8792360385,Hubli,Dental Clinics,Y,https://ssona-dental-cares.grexa.site/,,N,
Dental District,9008701702,Hubli,Dental Clinics,N,,,N,
Dr. G.P Kulkarni's City Dental Care,9448272545,Hubli,Dental Clinics,N,,,N,
Trinity Dental Care,9686087131,Hubli,Dental Clinics,N,,,N,
S.S Dental Hospital,9380155316,Hubli,Dental Clinics,Y,https://drshivkumardental.in/,,N,
Happy Dentz Dental Clinic,9035175080,Hubli,Dental Clinics,Y,https://docs.google.com/forms/d/e/1FAIpQLSd0nsmu9ri7yrQGYqzLA4lVLWVmnnWYHwyiWHs902CMJXXY-Q/viewform,,N,
The Dental Wellness Clinic,7204325340,Hubli,Dental Clinics,N,,,N,
Apex dental clinic and implant center,9740195137,Hubli,Dental Clinics,N,,,N,
Dhotrad's Sunny Dental and Orthodontic Clinic,9343109693,Hubli,Dental Clinics,Y,http://www.dhotraddental.com/,,N,
Om Sairam Neelkamal Dental Clinic,8310927993,Hubli,Dental Clinics,N,,,N,
DR KISHOR BAGALKOT,8362256276,Hubli,Dental Clinics,N,,,N,
Pachlag Dental Care,8618904108,Hubli,Dental Clinics,N,,,N,
Thousand Smiles Dental,9483972222,Hubli,Dental Clinics,Y,https://www.thousandsmiles.in/,,N,
Vishal Dental Clinic,9480455082,Hubli,Dental Clinics,N,,,N,
U Dent Dental Clinic,9740908302,Hubli,Dental Clinics,N,,,N,
Shri Sai Dental Care,8362371016,Hubli,Dental Clinics,Y,http://shrisaidentalcare.com/,,N,
Smilecraft Speciality Dental Clinic,9741133193,Hubli,Dental Clinics,N,,,N,
Shri Sai Multi Speciality Dental Clinic,9886023969,Hubli,Dental Clinics,N,,,N,
Smile-32,9886399668,Hubli,Dental Clinics,N,,,N,
Siddhi Dental Care,7676515120,Hubli,Dental Clinics,N,,,N,
Jayades Multispeciality Dental Care,8362252604,Hubli,Dental Clinics,N,,,N,
WE CARE,9980850783,Hubli,Dental Clinics,N,,,N,
PREMIER DENTAL CARE,9909381379,Hubli,Dental Clinics,N,,,N,
Dr. Nayak's Dental Clinic & Implant centre,8971789703,Hubli,Dental Clinics,Y,https://wa.me/message/TYWF2MJV4EWEG1,,N,
Nandita Dental Clinic,9980067429,Hubli,Dental Clinics,N,,,N,
Ananya Dental Clinic,8362356065,Hubli,Dental Clinics,N,,,N,
The Tooth Place Dental,9886774344,Hubli,Dental Clinics,Y,http://www.thetoothplace.co/,,N,
Shri Dental Clinic,8197721359,Hubli,Dental Clinics,N,,,N,
Sirur Dental Clinic expert dental centre,9481280004,Hubli,Dental Clinics,N,,,N,
Pearl Dental Clinic,8904205572,Hubli,Dental Clinics,Y,https://www.clinicspots.com/doctor/dr-tasfia-kazi,,N,
Lejoys Dental Care,8362252494,Hubli,Dental Clinics,Y,https://app.vervelabs.ai/chat/vrv_f9f65f0c4b9112d905baef6aa3e7f44fa2c219d2dbfa1e28f0ef,,N,
Dhotrad's Sunny Dental Clinic,9343109693,Hubli,Dental Clinics,Y,http://www.dhotrad.com/,,N,
Kagadgar Ali dental clinic,9742095188,Hubli,Dental Clinics,N,,,N,
Orthosquare,9892325392,Hubli,Dental Clinics,Y,https://www.orthosquare.com/?utm_source=google&utm_medium=website_click&utm_campaign=gbp_hubballi,,Y,Organic
Savanur Dental Care,9035048086,Hubli,Dental Clinics,N,,,N,
Santosh Dental Clinic,7795852520,Hubli,Dental Clinics,N,,,N,
Aarogya Dental clinic,9845039205,Hubli,Dental Clinics,N,,https://www.google.com/maps/place/Aarogya+Dental+clinic/data=!4m7!3m6!1s0x3bb8d74ccf977ee7:0x861b6bbbcaa0f063!8m2!3d15.3698375!4d75.1390884!16s%2Fg%2F11g6mhpd13!19sChIJ536Xz0zXuDsRY_CgyrtrG4Y?authuser=0&hl=en&rclk=1,N,
Dhotrad's Sunny Dental Clinic Invisalign Aligners and Braces,9343109693,Hubli,Dental Clinics,Y,http://www.hublidentalclinics.com/,,N,
"Shri Shantadurga Dental, Maxillofacial & plastic Centre",9036125346,Hubli,Dental Clinics,N,,,N,
Hubli Dental Clinics,9343109693,Hubli,Dental Clinics,N,,,N,
Shiraganvi Dental and Maxillofacial Centre,9886968837,Hubli,Dental Clinics,N,,,N,
SHIVAPUR DENTAL CLINIC &IMPLANT CENTRE,7676302921,Hubli,Dental Clinics,N,,,N,
Dental Office,9739513203,Hubli,Dental Clinics,N,,,N,
The Dental & Physiotherapy Studio,9663668788,Hubli,Dental Clinics,Y,http://www.dentalandphysiotherapystudio.com/,,N,
The Dental House,7019527124,Hubli,Dental Clinics,N,,,N,
Dr. Kini's Dental Speciality Clinic,8362307555,Hubli,Dental Clinics,N,,,N,
Stuti Dental Care,8364251957,Hubli,Dental Clinics,N,,,N,
Complete Dental Care,9886484039,Hubli,Dental Clinics,N,,,N,
Dr.Kiran's Dental Clinic,9760006760,Hubli,Dental Clinics,N,,,N,
Dr. Mahima Mohit Dand M.D.S,8364261245,Hubli,Dental Clinics,N,,,N,
anjana dental clinic,9036967549,Hubli,Dental Clinics,N,,,N,
Dr Karakaraddi's dental care,9449110720,Hubli,Dental Clinics,N,,,N,
V2 DENTAL CLINIC,8364256472,Hubli,Dental Clinics,N,,,N,
Ashraj Dental House,9380037740,Hubli,Dental Clinics,N,,,N,
The City Clinic,9448425217,Hubli,Dental Clinics,N,,,N,
Navaneeth dental clinic,9972376985,Hubli,Dental Clinics,N,,,N,
Oris Dental,9886212329,Hubli,Dental Clinics,N,,,N,
Jayade Dr R P,8362363620,Hubli,Dental Clinics,N,,,N,
Smile Trove Dental Clinic,9108291646,Hubli,Dental Clinics,N,,,N,
Akshay Dental Care,9743239862,Hubli,Dental Clinics,N,,,N,
Dr Yelamali's Brightway Dental,8971102995,Hubli,Dental Clinics,N,,,N,
Arivu health care polyclinic,9481913948,Hubli,Dental Clinics,Y,https://arivuhealthcare.com/,,N,
Kavlekar Dental,9844835587,Hubli,Dental Clinics,N,,,N,
Dr. M.S.Koudi,9844478852,Hubli,Dental Clinics,N,,,N,
KSHEMA ORTHOPAEDIC AND NEUROSURGICAL CENTRE,9372355517,Hubli,Dental Clinics,N,,https://www.google.com/maps/place/KSHEMA+ORTHOPAEDIC+AND+NEUROSURGICAL+CENTRE/data=!4m7!3m6!1s0x3bb8d6b93aaaaaab:0x63ae9b9ace9edc53!8m2!3d15.3495911!4d75.1242881!16s%2Fg%2F1td6qp2s!19sChIJq6qqOrnWuDsRU9yezpqbrmM?authuser=0&hl=en&rclk=1,N,
Waddo Clinic,9035211876,Hubli,Dental Clinics,Y,https://www.instagram.com/waddo.clinic?igsh=d2QwMnF0Y245NmF6,,N,
HMS MOBILE SHOP,9350292918,Hubli,Dental Clinics,N,,,N,
Shri Kamakshi Dental Clinic,8710988010,Hubli,Dental Clinics,N,,,N,
My Smile Orthodontic Dental,9036040452,Hubli,Dental Clinics,N,,,N,
Planet Health - Dental & Pediatric Clinic,9986472427,Hubli,Dental Clinics,N,,,N,
Muscle Factory Gyms Vishweshwar Nagar Hubli,7022842270,Hubli,Gyms,N,,https://www.google.com/maps/place/Muscle+Factory+Gyms+Vishweshwar+Nagar+Hubli/data=!4m7!3m6!1s0x3bb8d799e42ba781:0x9fc75fd923994188!8m2!3d15.3671445!4d75.1332999!16s%2Fg%2F11hy9lsfxr!19sChIJgacr5JnXuDsRiEGZI9lfx58?authuser=0&hl=en&rclk=1,N,
"Pro Ultimate Gyms - Hubballi, Karnataka",6362000104,Hubli,Gyms,N,,"https://www.google.com/maps/place/Pro+Ultimate+Gyms+-+Hubballi,+Karnataka/data=!4m7!3m6!1s0x3bb8d729ec9c9273:0xfb31cef24bfa6d54!8m2!3d15.3651058!4d75.1493575!16s%2Fg%2F11y79w4n4w!19sChIJc5Kc7CnXuDsRVG36S_LOMfs?authuser=0&hl=en&rclk=1",Y,GBP
BeSpoke Fitness – Fitness Center & Hubli’s Unisex Fitness Gym,6363641399,Hubli,Gyms,N,,https://www.google.com/maps/place/BeSpoke+Fitness+%E2%80%93+Fitness+Center+%26+Hubli%E2%80%99s+Unisex+Fitness+Gym/data=!4m7!3m6!1s0x3bb8d733115f2d63:0x47b73bc18f88c099!8m2!3d15.3541151!4d75.1403153!16s%2Fg%2F11vplmt0xt!19sChIJYy1fETPXuDsRmcCIj8E7t0c?authuser=0&hl=en&rclk=1,N,
Thews Gym and Fitness (Unisex) Hubli,8073184855,Hubli,Gyms,N,,https://www.google.com/maps/place/Thews+Gym+and+Fitness+%28Unisex%29+Hubli/data=!4m7!3m6!1s0x3bb8d7f335b564af:0xc8f7943e8c0a0510!8m2!3d15.3627152!4d75.1422159!16s%2Fg%2F11t1lfxt85!19sChIJr2S1NfPXuDsREAUKjD6U98g?authuser=0&hl=en&rclk=1,N,
Xtreme Fitness (Best Fitness Centers),8364271122,Hubli,Gyms,N,,https://www.google.com/maps/place/Xtreme+Fitness+%28Best+Fitness+Centers%29/data=!4m7!3m6!1s0x3bb8d744528094a7:0xa5795a2322c3b853!8m2!3d15.3539362!4d75.1351225!16s%2Fg%2F11g8w64x3x!19sChIJp5SAUkTXuDsRU7jDIiNaeaU?authuser=0&hl=en&rclk=1,Y,GBP
Khonas Gym and Wellness Best Gym in Vidyanagar Hubli,6475884440,Hubli,Gyms,N,,https://www.google.com/maps/place/Khonas+Gym+and+Wellness+Best+Gym+in+Vidyanagar+Hubli/data=!4m7!3m6!1s0x3bb8d74913e37e71:0xb3b9aeaefbf04f39!8m2!3d15.3627444!4d75.1351497!16s%2Fg%2F11xz8pmdr!19sChIJcX7jE0nXuDsROU_w-66uubM?authuser=0&hl=en&rclk=1,N,
Muscle Factory Gyms Chennamma Circle Hubli,7022842270,Hubli,Gyms,N,,https://www.google.com/maps/place/Muscle+Factory+Gyms+Chennamma+Circle+Hubli/data=!4m7!3m6!1s0x3bb8d7e7527a7027:0x858c6aee43f685a0!8m2!3d15.3488004!4d75.1380754!16s%2Fg%2F11y2mp1xfc!19sChIJJ3B6UufXuDsRoIX2Q-5qjIU?authuser=0&hl=en&rclk=1,N,
Torso Gym,8600198787,Hubli,Gyms,N,,https://www.google.com/maps/place/Torso+Gym/data=!4m7!3m6!1s0x3bb8d7576c101b5d:0x98938b8c9d0c3d03!8m2!3d15.3609827!4d75.1506247!16s%2Fg%2F1tfmg7wb!19sChIJXRsQbFfXuDsRAz0MnYyLk5g?authuser=0&hl=en&rclk=1,N,
SpaceX Fitness,8971991888,Hubli,Gyms,N,,https://www.google.com/maps/place/SpaceX+Fitness/data=!4m7!3m6!1s0x3bb8d7469070eda1:0x8a8ed2787830c3b7!8m2!3d15.359265!4d75.1274642!16s%2Fg%2F11vm7pfnjt!19sChIJoe1wkEbXuDsRt8MweHjSjoo?authuser=0&hl=en&rclk=1,Y,GBP
Revolution Fitness Gym || Keshwapur || Hubli,9742784348,Hubli,Gyms,N,,https://www.google.com/maps/place/Revolution+Fitness+Gym+%7C%7C+Keshwapur+%7C%7C+Hubli/data=!4m7!3m6!1s0x3bb8d75708914ab5:0xe0115544a65c2cc9!8m2!3d15.3618649!4d75.1512326!16s%2Fg%2F11cp65yztw!19sChIJtUqRCFfXuDsRySxcpkRVEeA?authuser=0&hl=en&rclk=1,N,
Iron Lifters Fitness Center 2.0,6475884440,Hubli,Gyms,N,,https://www.google.com/maps/place/Iron+Lifters+Fitness+Center+2.0/data=!4m7!3m6!1s0x3bb8d7a7b295c3f1:0x6fb49791bee96ae7!8m2!3d15.3604001!4d75.1128311!16s%2Fg%2F11l_fsyv4x!19sChIJ8cOVsqfXuDsR52rpvpGXtG8?authuser=0&hl=en&rclk=1,N,
Body Tone Fitness,8660169891,Hubli,Gyms,N,,https://www.google.com/maps/place/Body+Tone+Fitness/data=!4m7!3m6!1s0x3bb8d7751f873047:0x7606a96e2b66d358!8m2!3d15.3627797!4d75.119555!16s%2Fg%2F11p647gt5x!19sChIJRzCHH3XXuDsRWNNmK26pBnY?authuser=0&hl=en&rclk=1,N,
The Empire Fitness,8880463972,Hubli,Gyms,N,,https://www.google.com/maps/place/The+Empire+Fitness/data=!4m7!3m6!1s0x3bb8d789692ff5a5:0x18dd007341fdc2cf!8m2!3d15.3679407!4d75.1202578!16s%2Fg%2F11m_k087c1!19sChIJpfUvaYnXuDsRz8L9QXMA3Rg?authuser=0&hl=en&rclk=1,N,
Royal Gym,9916908070,Hubli,Gyms,N,,https://www.google.com/maps/place/Royal+Gym/data=!4m7!3m6!1s0x3bb8d7ae47fd967f:0x79e9e3abaee7450f!8m2!3d15.3467667!4d75.1449565!16s%2Fg%2F11q7bfmc6b!19sChIJf5b9R67XuDsRD0Xnrqvj6Xk?authuser=0&hl=en&rclk=1,N,
Shri Sai Unisex Fitness Center.,9396926208,Hubli,Gyms,N,,https://www.google.com/maps/place/Shri+Sai+Unisex+Fitness+Center./data=!4m7!3m6!1s0x3bb8d7514371b475:0xc63b7b8124d15f09!8m2!3d15.3647979!4d75.1495527!16s%2Fg%2F11b_2s9gnb!19sChIJdbRxQ1HXuDsRCV_RJIF7O8Y?authuser=0&hl=en&rclk=1,N,
I-Fitness,9606982205,Hubli,Gyms,N,,https://www.google.com/maps/place/I-Fitness/data=!4m7!3m6!1s0x3bb8d7109f3bd145:0x6626fc47df49f410!8m2!3d15.3614413!4d75.1262206!16s%2Fg%2F11h6g3yflf!19sChIJRdE7nxDXuDsREPRJ30f8JmY?authuser=0&hl=en&rclk=1,N,
Shadozzz Gym,9535122680,Hubli,Gyms,N,,https://www.google.com/maps/place/Shadozzz+Gym/data=!4m7!3m6!1s0x3bb8d731f0e36b3f:0x52ea8f8fe591737a!8m2!3d15.3630314!4d75.1204056!16s%2Fg%2F11btn15x1b!19sChIJP2vj8DHXuDsRenOR5Y-P6lI?authuser=0&hl=en&rclk=1,N,
Hubli Gymkhana Club,8362366685,Hubli,Gyms,N,,https://www.google.com/maps/place/Hubli+Gymkhana+Club/data=!4m7!3m6!1s0x3bb8cd70176844d5:0x75d37a917b076d54!8m2!3d15.3560591!4d75.143168!16s%2Fg%2F1tdlfr1b!19sChIJ1URoF3DNuDsRVG0He5F603U?authuser=0&hl=en&rclk=1,N,
Karnataka Gym || Hubballi,9902667407,Hubli,Gyms,N,,https://www.google.com/maps/place/Karnataka+Gym+%7C%7C+Hubballi/data=!4m7!3m6!1s0x3bb8d708f117617d:0x2a22fa11378087fa!8m2!3d15.3644232!4d75.1135548!16s%2Fg%2F11g04q4gt2!19sChIJfWEX8QjXuDsR-oeANxH6Iio?authuser=0&hl=en&rclk=1,N,
Rockey fitness,8618308414,Hubli,Gyms,N,,https://www.google.com/maps/place/Rockey+fitness/data=!4m7!3m6!1s0x3bb8d7002703f809:0xd47f43334893e456!8m2!3d15.3644175!4d75.12359!16s%2Fg%2F11w8vd23dm!19sChIJCfgDJwDXuDsRVuSTSDNDf9Q?authuser=0&hl=en&rclk=1,N,
R11 FITNESS,6829669985,Hubli,Gyms,N,,https://www.google.com/maps/place/R11+FITNESS/data=!4m7!3m6!1s0x3bb8d7cfece75b0b:0x8bc324c3873ab16f!8m2!3d15.3655574!4d75.1385477!16s%2Fg%2F11wxkfb299!19sChIJC1vn7M_XuDsRb7E6h8Mkw4s?authuser=0&hl=en&rclk=1,N,
PRO FIT FITNESS UNISEX GYM || Deshpande Nagar || Hubli,9916219735,Hubli,Gyms,N,,https://www.google.com/maps/place/PRO+FIT+FITNESS+UNISEX+GYM+%7C%7C+Deshpande+Nagar+%7C%7C+Hubli/data=!4m7!3m6!1s0x3bb8d740bfffffff:0xeab70a0f3ce6f159!8m2!3d15.3572061!4d75.137219!16s%2Fg%2F11pkkg5shh!19sChIJ____v0DXuDsRWfHmPA8Kt-o?authuser=0&hl=en&rclk=1,N,
Iron Lifters Fitness Center 1.0,8884842569,Hubli,Gyms,N,,https://www.google.com/maps/place/Iron+Lifters+Fitness+Center+1.0/data=!4m7!3m6!1s0x3bb8d74877840bdb:0x4b90dd94efd14379!8m2!3d15.3473158!4d75.1114714!16s%2Fg%2F11h858sqr9!19sChIJ2wuEd0jXuDsReUPR75TdkEs?authuser=0&hl=en&rclk=1,N,
Muscle Tone Gym,9900198290,Hubli,Gyms,N,,https://www.google.com/maps/place/Muscle+Tone+Gym/data=!4m7!3m6!1s0x3bb8d7bf0c4b03b9:0xa9e4153c5db8b545!8m2!3d15.3623358!4d75.1484848!16s%2Fg%2F11rsg5pxyh!19sChIJuQNLDL_XuDsRRbW4XTwV5Kk?authuser=0&hl=en&rclk=1,N,
Akhada-The Lifestyle Gym,9019208365,Hubli,Gyms,N,,https://www.google.com/maps/place/Akhada-The+Lifestyle+Gym/data=!4m7!3m6!1s0x3bb8d7b94d7e4579:0x35af25acfb12ce0a!8m2!3d15.3582469!4d75.1052062!16s%2Fg%2F11k4_gpf4w!19sChIJeUV-TbnXuDsRCs4S-6wlrzU?authuser=0&hl=en&rclk=1,N,
FITNESS HEALTH CLUB,MISSING,Hubli,Gyms,N,,https://www.google.com/maps/place/FITNESS+HEALTH+CLUB/data=!4m7!3m6!1s0x3bb8d10ab10b4abd:0xce4cc550c4631d2d!8m2!3d15.3773125!4d75.1368125!16s%2Fg%2F11svv8zryz!19sChIJvUoLsQrRuDsRLR1jxFDFTM4?authuser=0&hl=en&rclk=1,N,
Fitness Planet,MISSING,Hubli,Gyms,N,,https://www.google.com/maps/place/Fitness+Planet/data=!4m7!3m6!1s0x3bb8d0c5aaaaaaab:0x87ea5c51cd9d399a!8m2!3d15.3633883!4d75.118529!16s%2Fg%2F11ptv8n2bn!19sChIJq6qqqsXQuDsRmjmdzVFc6oc?authuser=0&hl=en&rclk=1,N,
Spartan Elite Gym,9731107646,Hubli,Gyms,N,,https://www.google.com/maps/place/Spartan+Elite+Gym/data=!4m7!3m6!1s0x3bb8d7df740598ff:0x15ca86962342703d!8m2!3d15.3639859!4d75.1217286!16s%2Fg%2F11hzjhklf_!19sChIJ_5gFdN_XuDsRPXBCI5aGyhU?authuser=0&hl=en&rclk=1,N,
Tranzpire Fitness & Training,MISSING,Hubli,Gyms,N,,https://www.google.com/maps/place/Tranzpire+Fitness+%26+Training/data=!4m7!3m6!1s0x3bb8d70b980b1bad:0x46a8a66ca3662cdb!8m2!3d15.351697!4d75.100148!16s%2Fg%2F11gkvkkz9g!19sChIJrRsLmAvXuDsR2yxmo2ymqEY?authuser=0&hl=en&rclk=1,N,
Royal Fitness Gym Unkal,9632873100,Hubli,Gyms,N,,https://www.google.com/maps/place/Royal+Fitness+Gym+Unkal/data=!4m7!3m6!1s0x3bb8d1aa95dd5c23:0xa8471aaddd6ed60f!8m2!3d15.3787313!4d75.1134641!16s%2Fg%2F11yn7j5sys!19sChIJI1zdlarRuDsRD9Zu3a0aR6g?authuser=0&hl=en&rclk=1,N,
Talwalkars HiFi gym,8884799336,Hubli,Gyms,N,,https://www.google.com/maps/place/Talwalkars+HiFi+gym/data=!4m7!3m6!1s0x3bb8d745afdd37b5:0xfd9a8e60ca205af3!8m2!3d15.3608461!4d75.1127752!16s%2Fg%2F1tm111h5!19sChIJtTfdr0XXuDsR81ogymCOmv0?authuser=0&hl=en&rclk=1,N,
Metro Flex GYM,9396926208,Hubli,Gyms,N,,https://www.google.com/maps/place/Metro+Flex+GYM/data=!4m7!3m6!1s0x3bb8d79545c6a7f1:0x225954e81b6b6f91!8m2!3d15.3674143!4d75.1506786!16s%2Fg%2F11spr7v3k_!19sChIJ8afGRZXXuDsRkW9rG-hUWSI?authuser=0&hl=en&rclk=1,N,
The Muscle Brigade ultimate unisex fitness centre,9019172101,Hubli,Gyms,N,,https://www.google.com/maps/place/The+Muscle+Brigade+ultimate+unisex+fitness+centre/data=!4m7!3m6!1s0x3bb8d7b3cbc34c41:0x92f410eb7afa4327!8m2!3d15.3509638!4d75.12795!16s%2Fg%2F11yp_vtw0r!19sChIJQUzDy7PXuDsRJ0P6eusQ9JI?authuser=0&hl=en&rclk=1,N,
Dr. Amit’s Pro Fitness-Physiotherapy Centre In Hubli,7026949555,Hubli,Gyms,N,,https://www.google.com/maps/place/Dr.+Amit%E2%80%99s+Pro+Fitness-Physiotherapy+Centre+In+Hubli/data=!4m7!3m6!1s0x3bb8d75e69460aaf:0x9e09603292da39f1!8m2!3d15.3574786!4d75.1396278!16s%2Fg%2F11g234jxt9!19sChIJrwpGaV7XuDsR8TnakjJgCZ4?authuser=0&hl=en&rclk=1,Y,GBP
By's Fitness Gym,9396926208,Hubli,Gyms,N,,https://www.google.com/maps/place/By%27s+Fitness+Gym/data=!4m7!3m6!1s0x3bb8d7bdd51f06e5:0xaaa8dba5156393c7!8m2!3d15.3458498!4d75.1453696!16s%2Fg%2F11q977d9ct!19sChIJ5QYf1b3XuDsRx5NjFaXbqKo?authuser=0&hl=en&rclk=1,N,
sweat fem fitness,7349578524,Hubli,Gyms,N,,https://www.google.com/maps/place/sweat+fem+fitness/data=!4m7!3m6!1s0x3bb8d7327acfb5e1:0x79e112a340bf4394!8m2!3d15.3680451!4d75.1204858!16s%2Fg%2F11sckhk613!19sChIJ4bXPejLXuDsRlEO_QKMS4Xk?authuser=0&hl=en&rclk=1,N,
"Stayfit Health & Fitness World Pvt. Ltd, Gym Equipment Center, Hubbali",9740999094,Hubli,Gyms,N,,"https://www.google.com/maps/place/Stayfit+Health+%26+Fitness+World+Pvt.+Ltd,+Gym+Equipment+Center,+Hubbali/data=!4m7!3m6!1s0x3bb8d743955ccd87:0xe7a1eb44c5eff95e!8m2!3d15.3518867!4d75.1385774!16s%2Fg%2F11c0pjk80p!19sChIJh81clUPXuDsRXvnvxUTroec?authuser=0&hl=en&rclk=1",N,
JAI HO FITNESS UNISEX GYM,9686164803,Hubli,Gyms,N,,https://www.google.com/maps/place/JAI+HO+FITNESS+UNISEX+GYM/data=!4m7!3m6!1s0x3bb8d710d9de6271:0x73cbe8dc5f33bcbc!8m2!3d15.3572628!4d75.1372314!16s%2Fg%2F11thfsqx3w!19sChIJcWLe2RDXuDsRvLwzX9zoy3M?authuser=0&hl=en&rclk=1,N,
Body Fitness Club Hubli,9741988982,Hubli,Gyms,N,,https://www.google.com/maps/place/Body+Fitness+Club+Hubli/data=!4m7!3m6!1s0x3bb8d70026eee5a7:0x84529a5a99d3bc0d!8m2!3d15.3508431!4d75.1101172!16s%2Fg%2F11y4lk75v_!19sChIJp-XuJgDXuDsRDbzTmVqaUoQ?authuser=0&hl=en&rclk=1,N,
PEAK FITNESS CLUB,9396926208,Hubli,Gyms,N,,https://www.google.com/maps/place/PEAK+FITNESS+CLUB/data=!4m7!3m6!1s0x3bb8d70e62d201ff:0x6d14c3a65b3b3d6e!8m2!3d15.3473872!4d75.1243373!16s%2Fg%2F11qbd0lc0n!19sChIJ_wHSYg7XuDsRbj07W6bDFG0?authuser=0&hl=en&rclk=1,N,
sana ladies gym and fitness,9945083672,Hubli,Gyms,N,,https://www.google.com/maps/place/sana+ladies+gym+and+fitness/data=!4m7!3m6!1s0x3bb8d756ac5143e1:0x24ef2a70f479253a!8m2!3d15.3649389!4d75.1488972!16s%2Fg%2F11xrltpb16!19sChIJ4UNRrFbXuDsROiV59HAq7yQ?authuser=0&hl=en&rclk=1,N,
OMKAR FITNESS GYM,7406535222,Hubli,Gyms,N,,https://www.google.com/maps/place/OMKAR+FITNESS+GYM/data=!4m7!3m6!1s0x3bb8d708ea7a9efd:0xbe79ff38ca3a6b8!8m2!3d15.3653597!4d75.1289621!16s%2Fg%2F11m_932qnz!19sChIJ_Z566gjXuDsRuKajjPOf5ws?authuser=0&hl=en&rclk=1,N,
Physique Expert Mahesh,9396926208,Hubli,Gyms,N,,https://www.google.com/maps/place/Physique+Expert+Mahesh/data=!4m7!3m6!1s0x3bb8d755bdb2f031:0x5f387ff2540662b6!8m2!3d15.354147!4d75.1403305!16s%2Fg%2F11vlnyy3zd!19sChIJMfCyvVXXuDsRtmIGVPJ_OF8?authuser=0&hl=en&rclk=1,N,
Power House Gym,8716052008,Hubli,Gyms,N,,https://www.google.com/maps/place/Power+House+Gym/data=!4m7!3m6!1s0x3bb8d7b965c0239f:0x9442a59dd8fe5e7f!8m2!3d15.351922!4d75.0979003!16s%2Fg%2F11ffgzsf53!19sChIJnyPAZbnXuDsRf17-2J2lQpQ?authuser=0&hl=en&rclk=1,N,
Powercross,9448392282,Hubli,Gyms,N,,https://www.google.com/maps/place/Powercross/data=!4m7!3m6!1s0x3bb8d7bd2526075d:0xc0ed9b6b570c144b!8m2!3d15.3604304!4d75.1366732!16s%2Fg%2F11h6q8c5gh!19sChIJXQcmJb3XuDsRSxQMV2ub7cA?authuser=0&hl=en&rclk=1,N,
Body Tone Nutrition & Supplement,9964380396,Hubli,Gyms,N,,https://www.google.com/maps/place/Body+Tone+Nutrition+%26+Supplement/data=!4m7!3m6!1s0x3bb8d7f21a0a0715:0xf5c057c7c1c8ddd6!8m2!3d15.351558!4d75.1432396!16s%2Fg%2F11h0sps55j!19sChIJFQcKGvLXuDsR1t3IwcdXwPU?authuser=0&hl=en&rclk=1,N,
REset life |fitness and gym|,7019109693,Hubli,Gyms,N,,https://www.google.com/maps/place/REset+life+%7Cfitness+and+gym%7C/data=!4m7!3m6!1s0x3bb8d77536148b19:0x212c0cc3e106a337!8m2!3d15.3437063!4d75.1159471!16s%2Fg%2F11sdc9x3rm!19sChIJGYsUNnXXuDsRN6MG4cMMLCE?authuser=0&hl=en&rclk=1,N,
ANIS GYM,9060430637,Hubli,Gyms,N,,https://www.google.com/maps/place/ANIS+GYM/data=!4m7!3m6!1s0x3bb8d767148172ed:0x51e4b92c8111cf22!8m2!3d15.3446713!4d75.1455718!16s%2Fg%2F11c0vd54k6!19sChIJ7XKBFGfXuDsRIs8RgSy55FE?authuser=0&hl=en&rclk=1,N,
Aerofit,9396926208,Hubli,Gyms,N,,https://www.google.com/maps/place/Aerofit/data=!4m7!3m6!1s0x3bb8d7f0f52f1c99:0x9bcbf4c07c13f124!8m2!3d15.3516879!4d75.1378376!16s%2Fg%2F11l5jzjy98!19sChIJmRwv9fDXuDsRJPETfMD0y5s?authuser=0&hl=en&rclk=1,N,
My gym,9480073559,Hubli,Gyms,N,,https://www.google.com/maps/place/My+gym/data=!4m7!3m6!1s0x3bb8d7022480ba1b:0xa25b6a0cb1b9a69b!8m2!3d15.3647005!4d75.1139943!16s%2Fg%2F11v69ys2k5!19sChIJG7qAJALXuDsRm6a5sQxqW6I?authuser=0&hl=en&rclk=1,N,
Siddharoodha Health Club(Gym),9886319591,Hubli,Gyms,N,,https://www.google.com/maps/place/Siddharoodha+Health+Club%28Gym%29/data=!4m7!3m6!1s0x3bb8d73455555555:0x1196ff04badfac7d!8m2!3d15.3628287!4d75.1196683!16s%2Fg%2F1wj_4g_k!19sChIJVVVVVTTXuDsRfazfugT_lhE?authuser=0&hl=en&rclk=1,N,
Step Up Fitness & Dance Studio,MISSING,Hubli,Gyms,N,,https://www.google.com/maps/place/Step+Up+Fitness+%26+Dance+Studio/data=!4m7!3m6!1s0x3bb8d750b0da77f9:0x69b87eeba2e05129!8m2!3d15.3605769!4d75.1480551!16s%2Fg%2F11bz__z1n2!19sChIJ-XfasFDXuDsRKVHgout-uGk?authuser=0&hl=en&rclk=1,N,
Iron Lifters Fitness Center 3.0,9396926208,Hubli,Gyms,N,,https://www.google.com/maps/place/Iron+Lifters+Fitness+Center+3.0/data=!4m7!3m6!1s0x3bb8d143c24d4c75:0xc446a0b4c42fdda!8m2!3d15.3876881!4d75.1050517!16s%2Fg%2F11r8zf5hgn!19sChIJdUxNwkPRuDsR2v1CTAtqRAw?authuser=0&hl=en&rclk=1,N,
Power House Fitness & Gym,8716052008,Hubli,Gyms,N,,https://www.google.com/maps/place/Power+House+Fitness+%26+Gym/data=!4m7!3m6!1s0x3bb8d76d46848107:0x7a3d617f645d8f83!8m2!3d15.3369397!4d75.1322877!16s%2Fg%2F124sv88nb!19sChIJB4GERm3XuDsRg49dZH9hPXo?authuser=0&hl=en&rclk=1,N,
DEEPAK’s - Diet & Therapy Centre,8888888889,Hubli,Gyms,N,,https://www.google.com/maps/place/DEEPAK%E2%80%99s+-+Diet+%26+Therapy+Centre/data=!4m7!3m6!1s0x3bb8d1bac4801b05:0x4c47875ead89272b!8m2!3d15.3735511!4d75.1210271!16s%2Fg%2F11lcllf3gz!19sChIJBRuAxLrRuDsRKyeJrV6HR0w?authuser=0&hl=en&rclk=1,N,
Vishwas sports & Scientific Co | Best sporting goods store | Sportswear shop,8364251368,Hubli,Gyms,N,,https://www.google.com/maps/place/Vishwas+sports+%26+Scientific+Co+%7C+Best+sporting+goods+store+%7C+Sportswear+shop/data=!4m7!3m6!1s0x3bb8d783ec7d0f87:0x2239ff48468c3ba5!8m2!3d15.3511538!4d75.1421711!16s%2Fg%2F11rdby5qd5!19sChIJhw997IPXuDsRpTuMRkj_OSI?authuser=0&hl=en&rclk=1,N,
SA fitness world gym,9396926208,Hubli,Gyms,N,,https://www.google.com/maps/place/SA+fitness+world+gym/data=!4m7!3m6!1s0x3bb8d1005da9ca77:0x13f6d5b136771b29!8m2!3d15.3742523!4d75.1154314!16s%2Fg%2F11mz4k9cl6!19sChIJd8qpXQDRuDsRKRt3NrHV9hM?authuser=0&hl=en&rclk=1,N,
Achiever Sports,9343430999,Hubli,Gyms,N,,https://www.google.com/maps/place/Achiever+Sports/data=!4m7!3m6!1s0x3bb8d742bac499b1:0x1716cd6c7847d752!8m2!3d15.3486282!4d75.1421013!16s%2Fg%2F11j8w6pr4b!19sChIJsZnEukLXuDsRUtdHeGzNFhc?authuser=0&hl=en&rclk=1,N,
The Dream Fitness | Gym | Unisex Gym | Fitness Center,9396926208,Hubli,Gyms,N,,https://www.google.com/maps/place/The+Dream+Fitness+%7C+Gym+%7C+Unisex+Gym+%7C+Fitness+Center/data=!4m7!3m6!1s0x3bb8d761dd809e67:0x70b35464717273da!8m2!3d15.3465066!4d75.1121892!16s%2Fg%2F11lyxq9w4v!19sChIJZ56A3WHXuDsR2nNycWRUs3A?authuser=0&hl=en&rclk=1,N,
Shakti Gym,9396926208,Hubli,Gyms,N,,https://www.google.com/maps/place/Shakti+Gym/data=!4m7!3m6!1s0x3bb8d70003f927b5:0xd1dc3d8e10c67a5b!8m2!3d15.3592504!4d75.1364105!16s%2Fg%2F11yg4vw8tc!19sChIJtSf5AwDXuDsRW3rGEI493NE?authuser=0&hl=en&rclk=1,N,
Kinnal Gym,9242851214,Hubli,Gyms,N,,https://www.google.com/maps/place/Kinnal+Gym/data=!4m7!3m6!1s0x3bb8d74322e50c55:0x1728b18b4e652634!8m2!3d15.3644963!4d75.1261451!16s%2Fg%2F11p61_3dxy!19sChIJVQzlIkPXuDsRNCZlTouxKBc?authuser=0&hl=en&rclk=1,N,
Ram Body Care (R),8123344984,Hubli,Gyms,N,,https://www.google.com/maps/place/Ram+Body+Care+%28R%29/data=!4m7!3m6!1s0x3bb8d735c2684039:0x8d390b52d02d294e!8m2!3d15.3651373!4d75.1295784!16s%2Fg%2F1hjgm59j3!19sChIJOUBowjXXuDsRTikt0FILOY0?authuser=0&hl=en&rclk=1,N,
Hubli fitness unisex gym,MISSING,Hubli,Gyms,N,,https://www.google.com/maps/place/Hubli+fitness+unisex+gym/data=!4m7!3m6!1s0x3bb8d73c56e66a0b:0x6a0ff3ff2b20408c!8m2!3d15.3368349!4d75.1214601!16s%2Fg%2F11lj6gp270!19sChIJC2rmVjzXuDsRjEAgK__zD2o?authuser=0&hl=en&rclk=1,N,
S R Sports,9742540196,Hubli,Gyms,N,,https://www.google.com/maps/place/S+R+Sports/data=!4m7!3m6!1s0x3bb8d75cd02b00f9:0xfed3fa9057143358!8m2!3d15.3515176!4d75.1434213!16s%2Fg%2F11c0q0nbcr!19sChIJ-QAr0FzXuDsRWDMUV5D60_4?authuser=0&hl=en&rclk=1,N,
Hercules Fitness | Fitness Equipment | Gym Equipment Store,6366388444,Hubli,Gyms,N,,https://www.google.com/maps/place/Hercules+Fitness+%7C+Fitness+Equipment+%7C+Gym+Equipment+Store/data=!4m7!3m6!1s0x3bb8d7483ec5159b:0x322f7a2f6f904fc1!8m2!3d15.3502196!4d75.1134772!16s%2Fg%2F11xsd78c2k!19sChIJmxXFPkjXuDsRwU-Qby96LzI?authuser=0&hl=en&rclk=1,N,
V Point Gym,9986976410,Hubli,Gyms,N,,https://www.google.com/maps/place/V+Point+Gym/data=!4m7!3m6!1s0x3bb8d74046696569:0x35e530979a4a8234!8m2!3d15.3491022!4d75.1333938!16s%2Fg%2F11k4tws8vk!19sChIJaWVpRkDXuDsRNIJKmpcw5TU?authuser=0&hl=en&rclk=1,N,
New Physique Unisex Gym,9620057340,Hubli,Gyms,N,,https://www.google.com/maps/place/New+Physique+Unisex+Gym/data=!4m7!3m6!1s0x3bb8d723b5330157:0x3943a4ea5cef00b4!8m2!3d15.3327447!4d75.1204274!16s%2Fg%2F11ghtfvslf!19sChIJVwEztSPXuDsRtADvXOqkQzk?authuser=0&hl=en&rclk=1,N,
Red Flame,7795349012,Hubli,Gyms,N,,https://www.google.com/maps/place/Red+Flame/data=!4m7!3m6!1s0x3bb8d7274334c023:0xcab7ec1b9d1635ca!8m2!3d15.3519444!4d75.1088827!16s%2Fg%2F1hjhb5vg8!19sChIJI8A0QyfXuDsRyjUWnRvst8o?authuser=0&hl=en&rclk=1,N,
RoCkY DaNcE ComPanY,9900224958,Hubli,Gyms,N,,https://www.google.com/maps/place/RoCkY+DaNcE+ComPanY/data=!4m7!3m6!1s0x3bb8d735febaa47b:0x2fa0e6f79f437cd8!8m2!3d15.3527067!4d75.1224019!16s%2Fg%2F11gmcl25hh!19sChIJe6S6_jXXuDsR2HxDn_fmoC8?authuser=0&hl=en&rclk=1,N,
BVB Gymkhana,9396926208,Hubli,Gyms,N,,https://www.google.com/maps/place/BVB+Gymkhana/data=!4m7!3m6!1s0x3bb8d73365d49dfd:0x1a06a104b67c4a61!8m2!3d15.367712!4d75.1247947!16s%2Fg%2F11bzr_syp6!19sChIJ_Z3UZTPXuDsRYUp8tgShBho?authuser=0&hl=en&rclk=1,N,
IM Protein Store,8147949120,Hubli,Gyms,N,,https://www.google.com/maps/place/IM+Protein+Store/data=!4m7!3m6!1s0x3bb8d75cf8ca0825:0x35f08c414c2054b4!8m2!3d15.3572106!4d75.1372047!16s%2Fg%2F11wvw_r31z!19sChIJJQjK-FzXuDsRtFQgTEGM8DU?authuser=0&hl=en&rclk=1,N,
Bodyfast sports and fitness,MISSING,Hubli,Gyms,N,,https://www.google.com/maps/place/Bodyfast+sports+and+fitness/data=!4m7!3m6!1s0x3bb8d78352a8b3ef:0xf981bb81fc8a46d0!8m2!3d15.3613915!4d75.1097905!16s%2Fg%2F11x602wgdg!19sChIJ77OoUoPXuDsR0EaK_IG7gfk?authuser=0&hl=en&rclk=1,N,
Happy Stay Boys PG | Boys Hostel | Boys Rooms | PG,9902231307,Hubli,Gyms,N,,https://www.google.com/maps/place/Happy+Stay+Boys+PG+%7C+Boys+Hostel+%7C+Boys+Rooms+%7C+PG/data=!4m7!3m6!1s0x3bb8d7375683f7db:0x9e209c5a2ae771e!8m2!3d15.3616879!4d75.1228005!16s%2Fg%2F11xr__fjtn!19sChIJ2_eDVjfXuDsRHneuosUJ4gk?authuser=0&hl=en&rclk=1,N,
Hifi gym,8350007272,Hubli,Gyms,N,,https://www.google.com/maps/place/Hifi+gym/data=!4m7!3m6!1s0x3bb8d72d8cefcd1f:0xf5aa28bc7b132442!8m2!3d15.3650249!4d75.1190083!16s%2Fg%2F11tp4bx3pd!19sChIJH83vjC3XuDsRQiQTe7woqvU?authuser=0&hl=en&rclk=1,N,
Planet Gym,9396926208,Hubli,Gyms,N,,https://www.google.com/maps/place/Planet+Gym/data=!4m7!3m6!1s0x3bb8d73fd97bea41:0x6b8c37ecc087877c!8m2!3d15.3364907!4d75.1299626!16s%2Fg%2F11f6g5ps7g!19sChIJQep72T_XuDsRfIeHwOw3jGs?authuser=0&hl=en&rclk=1,N,
My Supplement Bay | Hubballi,8951696155,Hubli,Gyms,N,,https://www.google.com/maps/place/My+Supplement+Bay+%7C+Hubballi/data=!4m7!3m6!1s0x3bb8d7a52020e67b:0x138296a9fb7075ca!8m2!3d15.3620078!4d75.1259528!16s%2Fg%2F11wn0nvk3k!19sChIJe-YgIKXXuDsRynVw-6mWghM?authuser=0&hl=en&rclk=1,N,
India Sports & Scientific Co.,8559284470,Hubli,Gyms,N,,https://www.google.com/maps/place/India+Sports+%26+Scientific+Co./data=!4m7!3m6!1s0x3bb8d74327a27b0f:0x714ab2f8333c5b9c!8m2!3d15.350811!4d75.141983!16s%2Fg%2F1tf41d9v!19sChIJD3uiJ0PXuDsRnFs8M_iySnE?authuser=0&hl=en&rclk=1,N,
BVB PLAYGROUND,9396926208,Hubli,Gyms,N,,https://www.google.com/maps/place/BVB+PLAYGROUND/data=!4m7!3m6!1s0x3bb8d734824a81c3:0xfd08454fbb1362e8!8m2!3d15.3671599!4d75.1255212!16s%2Fg%2F11clhq_6pc!19sChIJw4FKgjTXuDsR6GITu09FCP0?authuser=0&hl=en&rclk=1,N,
JAI HO FITNESS,MISSING,Hubli,Gyms,N,,https://www.google.com/maps/place/JAI+HO+FITNESS/data=!4m7!3m6!1s0x3bb8d7006cb6561d:0xb7391522495c4e0!8m2!3d15.3626169!4d75.1183685!16s%2Fg%2F11wqfyzkn6!19sChIJHVa2bADXuDsR4MSVJFKRcws?authuser=0&hl=en&rclk=1,N,
Welcare,9244336666,Hubli,Gyms,N,,https://www.google.com/maps/place/Welcare/data=!4m7!3m6!1s0x3bb8d72117964f41:0x3cb07f4e41ed0efd!8m2!3d15.3499413!4d75.1115343!16s%2Fg%2F11bzq3z6ks!19sChIJQU-WFyHXuDsR_Q7tQU5_sDw?authuser=0&hl=en&rclk=1,N,
HDMC PARK,MISSING,Hubli,Gyms,N,,https://www.google.com/maps/place/HDMC+PARK/data=!4m7!3m6!1s0x3bb8d7a6dee72bc9:0x5f76cc868eadccb9!8m2!3d15.3616309!4d75.1380032!16s%2Fg%2F11h22wl0gs!19sChIJySvn3qbXuDsRucytjobMdl8?authuser=0&hl=en&rclk=1,N,
Naruti Gym,MISSING,Hubli,Gyms,N,,https://www.google.com/maps/place/Naruti+Gym/data=!4m7!3m6!1s0x3bb8d1f3bcf7c6c3:0x324400366f76a1a5!8m2!3d15.3777871!4d75.1141047!16s%2Fg%2F11fn65cf7n!19sChIJw8b3vPPRuDsRpaF2bzYARDI?authuser=0&hl=en&rclk=1,N,
Fit with Andu Herbalife,9396926208,Hubli,Gyms,N,,https://www.google.com/maps/place/Fit+with+Andu+Herbalife/data=!4m7!3m6!1s0x3bb8d762dc035777:0xec1961fed7c46d65!8m2!3d15.3534785!4d75.1368779!16s%2Fg%2F11xzr3v_z8!19sChIJd1cD3GLXuDsRZW3E1_5hGew?authuser=0&hl=en&rclk=1,N,
Dr Prabhakar Kore sports Arena,9396926208,Hubli,Gyms,N,,https://www.google.com/maps/place/Dr+Prabhakar+Kore+sports+Arena/data=!4m7!3m6!1s0x3bb8d78860bebda3:0xe1f5addde7e61488!8m2!3d15.368543!4d75.120477!16s%2Fg%2F11svqzh562!19sChIJo72-YIjXuDsRiBTm592t9eE?authuser=0&hl=en&rclk=1,N,
The one gym,7975969534,Hubli,Gyms,N,,https://www.google.com/maps/place/The+one+gym/data=!4m7!3m6!1s0x3bb8d11aca947cad:0x690e8aa25e7dfc00!8m2!3d15.3894397!4d75.0958484!16s%2Fg%2F11t2_4zvyk!19sChIJrXyUyhrRuDsRAPx9XqKKDmk?authuser=0&hl=en&rclk=1,N,
Thunder fitness,6363003715,Hubli,Gyms,N,,https://www.google.com/maps/place/Thunder+fitness/data=!4m7!3m6!1s0x3bb8d1ada7cab769:0x53695d46af51a3bf!8m2!3d15.3944221!4d75.0834487!16s%2Fg%2F11lrh5wyc7!19sChIJabfKp63RuDsRv6NRr0ZdaVM?authuser=0&hl=en&rclk=1,N,
"Pratha Zumba, Dance & Fitness Studio",9396926208,Hubli,Gyms,N,,"https://www.google.com/maps/place/Pratha+Zumba,+Dance+%26+Fitness+Studio/data=!4m7!3m6!1s0x3bb8d74e15c541af:0xef2374f1ea658d59!8m2!3d15.3637977!4d75.1102256!16s%2Fg%2F11mczgs0j_!19sChIJr0HFFU7XuDsRWY1l6vF0I-8?authuser=0&hl=en&rclk=1",N,
R Club Fitness,9886378062,Hubli,Gyms,N,,https://www.google.com/maps/place/R+Club+Fitness/data=!4m7!3m6!1s0x3bb8d7244e54acf3:0x301ceab817f5b5d3!8m2!3d15.3654668!4d75.1085805!16s%2Fg%2F11g2jlht12!19sChIJ86xUTiTXuDsR07X1F7jqHDA?authuser=0&hl=en&rclk=1,N,
J K FITNESS FIRST,9742780986,Hubli,Gyms,N,,https://www.google.com/maps/place/J+K+FITNESS+FIRST/data=!4m7!3m6!1s0x3bb8d7dea985dae5:0xd82fc5465f12cdbc!8m2!3d15.3423472!4d75.1281479!16s%2Fg%2F11thh8ldfr!19sChIJ5dqFqd7XuDsRvM0SX0bFL9g?authuser=0&hl=en&rclk=1,N,
Manjula Yoga,9342829289,Hubli,Gyms,N,,https://www.google.com/maps/place/Manjula+Yoga/data=!4m7!3m6!1s0x3bb8d793f44a4b37:0x80b012457bf54c3a!8m2!3d15.3661099!4d75.118404!16s%2Fg%2F11ng6t7mdt!19sChIJN0tK9JPXuDsROkz1e0USsIA?authuser=0&hl=en&rclk=1,N,
Sattwam Physiotherapy Clinic and Fitness Studio,8310126083,Hubli,Gyms,N,,https://www.google.com/maps/place/Sattwam+Physiotherapy+Clinic+and+Fitness+Studio/data=!4m7!3m6!1s0x3bb8d6dbece24469:0x5dfe29d86ad304ca!8m2!3d15.3516022!4d75.1006175!16s%2Fg%2F11dym84l6q!19sChIJaUTi7NvWuDsRygTTatgp_l0?authuser=0&hl=en&rclk=1,N,
Y5 Yoga and wellness center,9019466966,Hubli,Gyms,N,,https://www.google.com/maps/place/Y5+Yoga+and+wellness+center/data=!4m7!3m6!1s0x3bb8d70b2268c557:0xca74c0940ca6d762!8m2!3d15.3608842!4d75.1020355!16s%2Fg%2F11y51gr40z!19sChIJV8VoIgvXuDsRYtemDJTAdMo?authuser=0&hl=en&rclk=1,N,
Muscle fitness,9108389470,Hubli,Gyms,N,,https://www.google.com/maps/place/Muscle+fitness/data=!4m7!3m6!1s0x3bb8d1d7b58f6113:0x21b553665d7d5b9a!8m2!3d15.3936443!4d75.081838!16s%2Fg%2F11vkqqv_gx!19sChIJE2GPtdfRuDsRmlt9XWZTtSE?authuser=0&hl=en&rclk=1,N,
K.G.N. Lucky Fitness Gym,8050161974,Hubli,Gyms,N,,https://www.google.com/maps/place/K.G.N.+Lucky+Fitness+Gym/data=!4m7!3m6!1s0x3bb8d76e7d0a89ef:0xd0dfa20ed22c7ff7!8m2!3d15.3389141!4d75.1375768!16s%2Fg%2F11c0qh_gl0!19sChIJ74kKfW7XuDsR938s0g6i39A?authuser=0&hl=en&rclk=1,N,
"Ozone Yoga, Acupressure, Hypnotherapy, Reiki, Holistic Center. Keshwapur, Hubli, India",9480555795,Hubli,Gyms,Y,https://sites.google.com/view/ozoneyogawellness,"https://www.google.com/maps/place/Ozone+Yoga,+Acupressure,+Hypnotherapy,+Reiki,+Holistic+Center.+Keshwapur,+Hubli,+India/data=!4m7!3m6!1s0x3bb8d74926aaaaab:0x78e45c2cd737c2eb!8m2!3d15.3578571!4d75.1489471!16s%2Fg%2F11ggbrwbx_!19sChIJq6qqJknXuDsR68I31yxc5Hg?authuser=0&hl=en&rclk=1",N,
Gymkhana Cricket ground,9396926208,Hubli,Gyms,N,,https://www.google.com/maps/place/Gymkhana+Cricket+ground/data=!4m7!3m6!1s0x3bb8d748b9c3fd0d:0x9e59fc0a0c258c49!8m2!3d15.3598846!4d75.1363639!16s%2Fg%2F1vkxkq9x!19sChIJDf3DuUjXuDsRSYwlDAr8WZ4?authuser=0&hl=en&rclk=1,N,
Decathlon Sports - Hubli,8095055140,Hubli,Gyms,N,,https://www.google.com/maps/place/Decathlon+Sports+-+Hubli/data=!4m7!3m6!1s0x3bb8d6df28c11601:0xa0da5f3ad3ad9c2e!8m2!3d15.3506157!4d75.1049271!16s%2Fg%2F11bysjqzjy!19sChIJARbBKN_WuDsRLpyt0zpf2qA?authuser=0&hl=en&rclk=1,N,
Aakruti Gardens,9396926208,Hubli,Gyms,N,,https://www.google.com/maps/place/Aakruti+Gardens/data=!4m7!3m6!1s0x3bb8d74fabd6abd5:0xe1940b8f79220e86!8m2!3d15.3618533!4d75.140839!16s%2Fg%2F1hm2n_sy5!19sChIJ1avWq0_XuDsRhg4ieY8LlOE?authuser=0&hl=en&rclk=1,N,
Shrinivas Gastro liver clinic & Endoscopy center,7760992045,Hubli,Gyms,N,,https://www.google.com/maps/place/Shrinivas+Gastro+liver+clinic+%26+Endoscopy+center/data=!4m7!3m6!1s0x3bb8d7cbce1c4c2f:0xb162940645e3bbe9!8m2!3d15.3642332!4d75.1221801!16s%2Fg%2F11w9v10l2g!19sChIJL0wczsvXuDsR6bvjRQaUYrE?authuser=0&hl=en&rclk=1,N,
InterNational Gym(M.H),9741347500,Hubli,Gyms,N,,https://www.google.com/maps/place/InterNational+Gym%28M.H%29/data=!4m7!3m6!1s0x3bb8d76d4c3ae20b:0xf2130524879d44f8!8m2!3d15.3371221!4d75.1319832!16s%2Fg%2F11c488wwr0!19sChIJC-I6TG3XuDsR-ESdhyQFE_I?authuser=0&hl=en&rclk=1,N,
"The Fern Residency Hubballi, Series by Marriott",8364268300,Hubli,Gyms,N,,"https://www.google.com/maps/place/The+Fern+Residency+Hubballi,+Series+by+Marriott/data=!4m7!3m6!1s0x3bb8d77edc0f8555:0x4c31f16123cf155!8m2!3d15.351007!4d75.1271577!16s%2Fg%2F11rxyhw39d!19sChIJVYUP3H7XuDsRVfE8EhYfwwQ?authuser=0&hl=en&rclk=1",N,
Raj Sports,9448356277,Hubli,Gyms,N,,https://www.google.com/maps/place/Raj+Sports/data=!4m7!3m6!1s0x3bb8cd70176844d5:0xf3967b788e2009b5!8m2!3d15.3421084!4d75.1409105!16s%2Fg%2F1vxfym3t!19sChIJ1URoF3DNuDsRtQkgjnh7lvM?authuser=0&hl=en&rclk=1,N,
OXYGEN FITNESS & NUTRI HUB,MISSING,Hubli,Gyms,N,,https://www.google.com/maps/place/OXYGEN+FITNESS+%26+NUTRI+HUB/data=!4m7!3m6!1s0x3bb8d1e01133f207:0x5f969e7efd906e57!8m2!3d15.3953063!4d75.0779835!16s%2Fg%2F11q32f1k1_!19sChIJB_IzEeDRuDsRV26Q_X6ell8?authuser=0&hl=en&rclk=1,N,
ZECODE Hubballi,8828271686,Hubli,Gyms,N,,https://www.google.com/maps/place/ZECODE+Hubballi/data=!4m7!3m6!1s0x3bb8d70027ba38e5:0x3744df44ae79ec92!8m2!3d15.3625832!4d75.120097!16s%2Fg%2F11yhnvlz4h!19sChIJ5Ti6JwDXuDsRkux5rkTfRDc?authuser=0&hl=en&rclk=1,N,
The Bliss Spa @ Denissons,8362377777,Hubli,Gyms,N,,https://www.google.com/maps/place/The+Bliss+Spa+@+Denissons/data=!4m7!3m6!1s0x3bb8d7217364e293:0x4ef07612dd70a493!8m2!3d15.3491024!4d75.1120421!16s%2Fg%2F11c2n_0mj8!19sChIJk-JkcyHXuDsRk6Rw3RJ28E4?authuser=0&hl=en&rclk=1,N,
GOJU RYU KARATE CLASSES,MISSING,Hubli,Gyms,N,,https://www.google.com/maps/place/GOJU+RYU+KARATE+CLASSES/data=!4m7!3m6!1s0x3bb8d70e3d465e33:0x7e513b5638dea60b!8m2!3d15.3657087!4d75.109682!16s%2Fg%2F11px33yykn!19sChIJM15GPQ7XuDsRC6beOFY7UX4?authuser=0&hl=en&rclk=1,N,
V Fitness Multi gym,9396926208,Hubli,Gyms,N,,https://www.google.com/maps/place/V+Fitness+Multi+gym/data=!4m7!3m6!1s0x3bb8d700038e5adb:0xb0bd955d5cc9f634!8m2!3d15.355688!4d75.106681!16s%2Fg%2F11lzd5f4dc!19sChIJ21qOAwDXuDsRNPbJXF2VvbA?authuser=0&hl=en&rclk=1,N,
Shrinivas Children’s Clinic,MISSING,Hubli,Gyms,N,,https://www.google.com/maps/place/Shrinivas+Children%E2%80%99s+Clinic/data=!4m7!3m6!1s0x3bb8d75d2de4a9e7:0xf813117c57ace0c5!8m2!3d15.3641591!4d75.1223043!16s%2Fg%2F11t2cfhw0y!19sChIJ56nkLV3XuDsRxeCsV3wRE_g?authuser=0&hl=en&rclk=1,N,
Lucky Gym fitness,9396926208,Hubli,Gyms,N,,https://www.google.com/maps/place/Lucky+Gym+fitness/data=!4m7!3m6!1s0x3bb8d7005dfc63b1:0x4976f7201cc70766!8m2!3d15.3396878!4d75.1079467!16s%2Fg%2F11x_0y5s44!19sChIJsWP8XQDXuDsRZgfHHCD3dkk?authuser=0&hl=en&rclk=1,N,
Joshi Adike Store,8044457236,Hubli,Gyms,N,,https://www.google.com/maps/place/Joshi+Adike+Store/data=!4m7!3m6!1s0x3bb8d7424128d33b:0xb8c7303c112a200a!8m2!3d15.3487941!4d75.1385818!16s%2Fg%2F1hfg46dpy!19sChIJO9MoQULXuDsRCiAqETwwx7g?authuser=0&hl=en&rclk=1,N,
MG Park,9396926208,Hubli,Gyms,N,,https://www.google.com/maps/place/MG+Park/data=!4m7!3m6!1s0x3bb8d74096ba897f:0x7e45f9ce95391f04!8m2!3d15.3511313!4d75.132282!16s%2Fg%2F1td2xxy4!19sChIJf4m6lkDXuDsRBB85lc75RX4?authuser=0&hl=en&rclk=1,N,
NIHAL FITNESS GYM,MISSING,Hubli,Gyms,N,,https://www.google.com/maps/place/NIHAL+FITNESS+GYM/data=!4m7!3m6!1s0x3bb8d712476fd63d:0x1adce4e4fb48e311!8m2!3d15.3373648!4d75.1269221!16s%2Fg%2F11xrlkssz4!19sChIJPdZvRxLXuDsREeNI--Tk3Bo?authuser=0&hl=en&rclk=1,N,
the eternal gym hubli,7204616830,Hubli,Gyms,N,,https://www.google.com/maps/place/the+eternal+gym+hubli/data=!4m7!3m6!1s0x3bb8d98a6cdf06b7:0xc88ffc715746cabc!8m2!3d15.3670448!4d75.156365!16s%2Fg%2F11mcl08s0q!19sChIJtwbfbIrZuDsRvMpGV3H8j8g?authuser=0&hl=en&rclk=1,N,
Vinspace Interiors | Interior Designers | Home Interiors | Modular Kitchen | Wardrobes | Aluminum Interiors,9986896457,Hubli,Modular Kitchens,Y,https://vinspace.in/vinspace-interiors/,https://www.google.com/maps/place/Vinspace+Interiors+%7C+Interior+Designers+%7C+Home+Interiors+%7C+Modular+Kitchen+%7C+Wardrobes+%7C+Aluminum+Interiors/data=!4m7!3m6!1s0x3bb8d79bbfdd1d69:0xa0a712b81f6dc3c0!8m2!3d15.3495822!4d75.1423446!16s%2Fg%2F11q_nqshwh!19sChIJaR3dv5vXuDsRwMNtH7gSp6A?authuser=0&hl=en&rclk=1,Y,GBP
"SpaceWood Interiors Hubli - Interior Designers,Modular Kitchens & Wardrobes in Hubli,KA",9739077177,Hubli,Modular Kitchens,N,,"https://www.google.com/maps/place/SpaceWood+Interiors+Hubli+-+Interior+Designers,Modular+Kitchens+%26+Wardrobes+in+Hubli,KA/data=!4m7!3m6!1s0x3bb8d743ea59a907:0x54c35e1db19013a6!8m2!3d15.3521606!4d75.138321!16s%2Fg%2F11bz0nyl9f!19sChIJB6lZ6kPXuDsRphOQsR1ew1Q?authuser=0&hl=en&rclk=1",Y,GBP
Aditi Designs Hubli. False Ceiling & Interior Contractor,9449339725,Hubli,Interior Designers,Y,http://aditidesign.in/,,N,
CORNERS JOINT,9591449469,Hubli,Modular Kitchens,Y,http://www.cornersjoint.com/,https://www.google.com/maps/place/CORNERS+JOINT/data=!4m7!3m6!1s0x3bb8d7b9cdecb6ad:0x69113d472330e366!8m2!3d15.3617676!4d75.1259554!16s%2Fg%2F11tp92x97r!19sChIJrbbszbnXuDsRZuMwI0c9EWk?authuser=0&hl=en&rclk=1,Y,GBP
Soham Architect & Interior Designer,8362351265,Hubli,Interior Designers,N,,,N,
Asian Paints Beautiful Homes - Interio Solutions,7947469457,Hubli,Modular Kitchens,Y,https://stores.beautifulhomes.asianpaints.com/asian-paints-beautiful-homes-interio-solutions-interior-designers-deshpande-nagar-hubballi-461024/Home?utm_source=locator&utm_medium=googleplaces,https://www.google.com/maps/place/Asian+Paints+Beautiful+Homes+-+Interio+Solutions/data=!4m7!3m6!1s0x3bb8d7b702ce4d1b:0xb4fd55c81ffbb95c!8m2!3d15.3566398!4d75.1376287!16s%2Fg%2F11w1zfrcqh!19sChIJG03OArfXuDsRXLn7H8hV_bQ?authuser=0&hl=en&rclk=1,N,
TOUCHSTONE INTERIORS AND DESIGNS,8884066378,Hubli,Modular Kitchens,Y,https://touchstoneinteriorshubli.com/,https://www.google.com/maps/place/TOUCHSTONE+INTERIORS+AND+DESIGNS/data=!4m7!3m6!1s0x3bb8d79c1a8d5a95:0xb8b72e1e3dd05098!8m2!3d15.3584065!4d75.1052827!16s%2Fg%2F11lglfsnvf!19sChIJlVqNGpzXuDsRmFDQPR4ut7g?authuser=0&hl=en&rclk=1,N,
Daya Design | Architecture | Interior Design | Construction,9538010801,Hubli,Interior Designers,N,,,N,
Carve Design Studio | Top Interior Designer in Hubli | Best Architect in Hubli,8747808230,Hubli,Interior Designers,Y,http://www.carvedesignstudio.in/,,Y,Organic
Phoenix interio - Redefine spaces,9620438881,Hubli,Interior Designers,N,,,N,
Kabbur Architects | Top architect in Hubballi | Top Interior Designer in Hubballi | Turn Key Projects,9448267576,Hubli,Interior Designers,Y,http://www.kabburarchitects.com/,,N,
"Javali Construction & Interiors| House Construction| Modular Kitchen, Wardrobes, Interior Design & End-to-End Contracts",8951673424,Hubli,Modular Kitchens,N,,"https://www.google.com/maps/place/Javali+Construction+%26+Interiors%7C+House+Construction%7C+Modular+Kitchen,+Wardrobes,+Interior+Design+%26+End-to-End+Contracts/data=!4m7!3m6!1s0x3bb8d75506fe3693:0xccea3419a69d320a!8m2!3d15.3605857!4d75.1146603!16s%2Fg%2F11qnlv6twg!19sChIJkzb-BlXXuDsRCjKdphk06sw?authuser=0&hl=en&rclk=1",Y,GBP
OM INTERIOR WORK | Enhance Your SPACE with Stunning Home Furniture!,7019454404,Hubli,Modular Kitchens,Y,https://sites.google.com/view/ominteriorworkcom/home,https://www.google.com/maps/place/OM+INTERIOR+WORK+%7C+Enhance+Your+SPACE+with+Stunning+Home+Furniture!/data=!4m7!3m6!1s0x3bb8d7a2fc2870ff:0xfadb11c9ceaed39!8m2!3d15.3611408!4d75.1463409!16s%2Fg%2F11mv5tyj_5!19sChIJ_3Ao_KLXuDsROe3qnByxrQ8?authuser=0&hl=en&rclk=1,N,
Myle Interior Solutions Pvt Ltd.,9845252126,Hubli,Modular Kitchens,Y,http://www.myleinteriors.com/,https://www.google.com/maps/place/Myle+Interior+Solutions+Pvt+Ltd./data=!4m7!3m6!1s0x3bb8d78b1829dcbb:0x8925a1bc8fc474f!8m2!3d15.355547!4d75.1136142!16s%2Fg%2F11gn25b2ln!19sChIJu9wpGIvXuDsRT0f8yBtakgg?authuser=0&hl=en&rclk=1,N,
Life Space Interior Designer,9916374841,Hubli,Interior Designers,N,,,N,
Modern Interiors,9342462983,Hubli,Modular Kitchens,N,,https://www.google.com/maps/place/Modern+Interiors/data=!4m7!3m6!1s0x3bb8d73f39f574c9:0xe8278f86fb3f29a5!8m2!3d15.3544287!4d75.1069634!16s%2Fg%2F11ll7tgp4j!19sChIJyXT1OT_XuDsRpSk_-4aPJ-g?authuser=0&hl=en&rclk=1,N,
SHREENDA ARCHITECTS,8431356700,Hubli,Interior Designers,N,,,N,
RECON INTERIORS AND CONSTRUCTION,9741579578,Hubli,Interior Designers,N,,,N,
Swarna Interiors & Exteriors,9900090212,Hubli,Interior Designers,N,,,N,
"Livspace - Modular Kitchens & Wardrobes, Deshpande Nagar",8047759147,Hubli,Modular Kitchens,Y,https://www.livspace.com/in/interiors/hubli/deshpande-nagar?utm_medium=GMB&utm_source=wb_hubbali,"https://www.google.com/maps/place/Livspace+-+Modular+Kitchens+%26+Wardrobes,+Deshpande+Nagar/data=!4m7!3m6!1s0x3bb8d79ee76e535b:0xd1c21e0d8fb50173!8m2!3d15.356615!4d75.138042!16s%2Fg%2F11x8zlw_bp!19sChIJW1Nu557XuDsRcwG1jw0ewtE?authuser=0&hl=en&rclk=1",Y,Organic
"Being Human Groups, Imported Wallpaper & Home Decor (WALLPAPER WORLD) Wholeseller",9901812343,Hubli,Interior Designers,Y,http://www.beinghumangroups.com/,,N,
Raju Interior Hubli,9343102030,Hubli,Interior Designers,N,,,N,
Kembavi Architecture Foundation,8362251321,Hubli,Interior Designers,Y,https://www.kembhaviarchitects.com/contact-us-2/,,N,
Bethliving Hubli | Interior Design | Modular Kitchen | Bedroom Design,7483496021,Hubli,Modular Kitchens,Y,https://bethliving.com/,https://www.google.com/maps/place/Bethliving+Hubli+%7C+Interior+Design+%7C+Modular+Kitchen+%7C+Bedroom+Design/data=!4m7!3m6!1s0x3bb8d79aec7b1d1b:0x95e985131d1d7459!8m2!3d15.357429!4d75.1175198!16s%2Fg%2F11lz55cxrn!19sChIJGx177JrXuDsRWXQdHROF6ZU?authuser=0&hl=en&rclk=1,N,
Parasmani Interior Studio,8364251739,Hubli,Interior Designers,N,,,N,
Dhi Kratu Architects,8105860438,Hubli,Interior Designers,N,,,N,
Mahagaonkar Associates | Architects & Interior Designers,8363555386,Hubli,Interior Designers,Y,http://www.massociates.in/,,N,
Akscent Design Studio,7349189828,Hubli,Interior Designers,Y,http://akscent.in/,,N,
Sankalp Interiors,9448083711,Hubli,Interior Designers,N,,,N,
NIF Global Hubballi,9483268009,Hubli,Interior Designers,Y,https://nifhubli.in/,,N,
INTERIOR DESIGNING INSTITUTE /AMEYYA,8884476667,Hubli,Interior Designers,Y,http://www.ameyya.in/,,N,
IRSHAD DESIGN STUDIO,8050960566,Hubli,Interior Designers,N,,,N,
thinkspace architects,8364262144,Hubli,Interior Designers,Y,http://thinkspace.in/,,N,
Plane Kraft Studio,9036740332,Hubli,Interior Designers,N,,,N,
Light N Decor | Best Lighting wholesaler Store in Hubli,9036268700,Hubli,Interior Designers,N,,,N,
Royal Interior Decor,8550001516,Hubli,Interior Designers,Y,https://royalinteriordecor.com/,,N,
JOSHI INTERIORS and DESIGNS,8217280314,Hubli,Interior Designers,N,,,N,
VSI Wholesale Plywoods & Laminates | Sunmica | Charcoal Louvers | PVC Lovers | Interior Design Materials | Acrylic Sheets,6362841720,Hubli,Interior Designers,Y,https://vinspace.in/,,N,
Eskay construction - Architecture & interior designer - Land developer,9620450954,Hubli,Interior Designers,N,,,N,
VJ Architects,9964025054,Hubli,Interior Designers,N,,,N,
Decorpot - Best Interior Designers in Hubli,9108602000,Hubli,Interior Designers,Y,https://www.decorpot.com/interior-designers-in-hubli,,Y,Organic
Shree Sai Wallpaper & Interior ( Exclusive WALLPAPER Showroom ),9448975752,Hubli,Interior Designers,N,,,N,
Destiny 97 architects and interiors,9901150663,Hubli,Interior Designers,N,,,N,
Deepak Hiremath & Associates,8362355442,Hubli,Interior Designers,Y,http://www.dhassociates.in/,,N,
Realarch Studio,9663550458,Hubli,Interior Designers,Y,https://www.instagram.com/realarchstudio?igsh=dmYwd20wN2RsZjY1,,N,
Build Sqft Architects & Engineering Consultants,8892419973,Hubli,Interior Designers,Y,http://www.buildsqft.com/,,N,
Ramdev Interiors,9448317205,Hubli,Interior Designers,Y,https://bizzguides.com/listing/ramdev-interiors-hubli/#google_vignette,,N,
Pranisha Associates,9964401486,Hubli,Interior Designers,N,,,N,
Rolex Decor,8364257835,Hubli,Interior Designers,N,,,N,
16Designs,9964259859,Hubli,Interior Designers,Y,https://www.16designs.in/,,N,
HAFELE - Modular Kitchen,9886202675,Hubli,Modular Kitchens,Y,http://kitchendecor.in/,https://www.google.com/maps/place/HAFELE+-+Modular+Kitchen/data=!4m7!3m6!1s0x3bb8d7cb581163d1:0xc9a083e50b9d3b57!8m2!3d15.3578917!4d75.1362639!16s%2Fg%2F11fr0bjgc7!19sChIJ0WMRWMvXuDsRVzudC-WDoMk?authuser=0&hl=en&rclk=1,Y,GBP
Sajaavat,6360599750,Hubli,Interior Designers,Y,https://instagram.com/sajaavat_hubli?utm_medium=copy_link,,N,
Pyrope,9620372774,Hubli,Interior Designers,Y,https://pyrope.in/,,N,
AARUSHKA ENGINEERS,9916277222,Hubli,Interior Designers,Y,http://www.aarushka.com/,,N,
Zee decor,8880404918,Hubli,Interior Designers,Y,https://sites.google.com/view/zee-decor/home,,N,
Srushti Aluminium Fabrication And Interior Works,7022365863,Hubli,Interior Designers,N,,,N,
Asian Enterprises,9591604361,Hubli,Interior Designers,N,,,N,
The Opal Designers_ENFRAME Architects,8364059581,Hubli,Interior Designers,N,,,N,
Chaithanya constructions and Real estate business,8147387077,Hubli,Real Estate,N,,,N,
glass N design,9880932555,Hubli,Interior Designers,N,,,N,
SATCHEL Interiors & Luggage,8364251367,Hubli,Interior Designers,N,,,N,
The Sambhav Furnishing,8364258885,Hubli,Interior Designers,Y,http://carddigital.in/sambhav-furnishing,,N,
Ample-visionz,9738898087,Hubli,Interior Designers,Y,http://www.amplevisionz.com/,,N,
Vishwanidhi Constructions,8904607889,Hubli,Interior Designers,Y,https://vishwanidhiconstructions.com/,,N,
Align Panel Processing Hub,8364256122,Hubli,Interior Designers,N,,,N,
AR Design&Construction,7975706361,Hubli,Interior Designers,Y,https://arconstructionservices.in/,,N,
Regal Interior Solutions,7829245787,Hubli,Interior Designers,Y,http://www.regalinteriorsolutions.in/,,N,
"R.K GROUP Architects, Interiors Designers & Engineers",8364273459,Hubli,Interior Designers,N,,,N,
Web Design Royale - Web Design Company Hubli,9986967028,Hubli,Interior Designers,N,,,N,
Dreamy Designer House,9035541389,Hubli,Interior Designers,N,,,N,
MF Interiors,7899199314,Hubli,Interior Designers,Y,http://mfinterrior.co.uk/,,N,
BADDI ARCHITECT,8147337673,Hubli,Interior Designers,Y,https://www.linkedin.com/in/rahul-baddi-b50533148/,,N,
Laksh Fashion || Hubballi,9845610757,Hubli,Interior Designers,N,,,N,
Modulo Experience Center [Wardrobes Kitchen & More,9620746382,Hubli,Modular Kitchens,Y,http://modulo.co.in/,https://www.google.com/maps/place/Modulo+Experience+Center+%5BWardrobes+Kitchen+%26+More/data=!4m7!3m6!1s0x3bb8d71100280b89:0x8e78aa7a6acba80d!8m2!3d15.3627665!4d75.1362219!16s%2Fg%2F11fqt7xsj3!19sChIJiQsoABHXuDsRDajLanqqeI4?authuser=0&hl=en&rclk=1,N,
Vishal Constructions,7975149682,Hubli,Interior Designers,N,,,N,
INFINITY MODULAR KITCHENS & INTERIOR WORKS,9620528777,Hubli,Modular Kitchens,Y,http://infinitymodularkitchens.com/,https://www.google.com/maps/place/INFINITY+MODULAR+KITCHENS+%26+INTERIOR+WORKS/data=!4m7!3m6!1s0x3bb8d78b3b4d1c47:0x82af12d8ec325b11!8m2!3d15.3531454!4d75.1142392!16s%2Fg%2F11h79mv4rl!19sChIJRxxNO4vXuDsREVsy7NgSr4I?authuser=0&hl=en&rclk=1,Y,Organic
Living Room Sets | Curtains & Sofas | Sofa Covers Sai Cushion Works,9036923918,Hubli,Interior Designers,N,,,N,
Premier Tarpaulins,9482064545,Hubli,Interior Designers,Y,https://www.premiertarpaulins.com/,,N,
Kelvino Panel,9538868294,Hubli,Interior Designers,Y,https://kelvinopanel.com/,,N,
Balaji,9591278425,Hubli,Interior Designers,N,,,N,
Royaloak Furniture Hubballi (Unkal),7943444156,Hubli,Interior Designers,Y,https://stores.royaloakindia.com/royaloak-furniture-hubli-2-home-furniture-shop-unkal-hubli-453008/Home?utm_source=locator&utm_medium=googleplaces,,N,
Shri Padma Graphics Designing,7829764762,Hubli,Interior Designers,N,,,N,
Attrayant enterprises private limited,8904398738,Hubli,Interior Designers,N,,,N,
ARIK ARCHITECTS,8618770203,Hubli,Interior Designers,N,,,N,
Shree Koustubh Sales Corporation,9164754837,Hubli,Interior Designers,N,,,N,
RB VENTURES INTERIOR DESIGN STUDIO HUBLI,6360363633,Hubli,Interior Designers,Y,https://www.rbventures.co.in/?utm_source=google&utm_medium=wix_google_business_profile&utm_campaign=8085789825334233387,,N,
RV-Ventures Interior Designer Solutions in Hubli,9902021491,Hubli,Interior Designers,N,,,N,
"Godrej Interio Furniture & Mattress Store & Modular Kitchen Gallery Near Me, Hubli (Intraarch)",8884091122,Hubli,Modular Kitchens,Y,https://www.godrejinterio.com/?utm_source=GMB+Optimization&utm_medium=GMB&utm_campaign=GMB+Optimization&utm_id=GMB+Optimization,"https://www.google.com/maps/place/Godrej+Interio+Furniture+%26+Mattress+Store+%26+Modular+Kitchen+Gallery+Near+Me,+Hubli+%28Intraarch%29/data=!4m7!3m6!1s0x3bb8d78a24bd92dd:0xfacfeddfb6b437c8!8m2!3d15.3619858!4d75.1522225!16s%2Fg%2F11p67dt666!19sChIJ3ZK9JIrXuDsRyDe0tt_tz_o?authuser=0&hl=en&rclk=1",N,
Dinesh Hangal & Associates,8362356365,Hubli,Interior Designers,N,,,N,
FAB INTERIORS,7816033982,Hubli,Interior Designers,N,,,N,
Prism Lights,9845346587,Hubli,Interior Designers,N,,,N,
Archivision Design & Construction Services,7406082465,Hubli,Interior Designers,Y,https://www.archivisiondesigns.com/,,N,
Vishal Art & Frames,9845128443,Hubli,Interior Designers,N,,,N,
"Shree Durga Traders, False Ceiling Contractor | Gypsum POP Material Wholesaler in Hubli",9448053887,Hubli,Interior Designers,N,,,N,
R K Pathan Interiors,9902795646,Hubli,Interior Designers,N,,,N,
PRINCE Architects & Structural Designer. ಪ್ರಿನ್ಸ್ ವಾಸ್ತುಶಿಲ್ಪ & ಸ್ಟ್ರಕ್ಚರಲ್ ಡಿಸೈನರ್.,6829669985,Hubli,Interior Designers,Y,https://www.instagram.com/_prince_construction_company_?igsh=bm1zOHVtbnNnNjRr,,N,
Adyaa Infra - Architecture,9739234532,Hubli,Interior Designers,N,,,N,
p.o.p false ceiling works hubli,8431966011,Hubli,Interior Designers,N,,,N,
Mind's i architects,7099451077,Hubli,Interior Designers,Y,https://mindsiarchitects.co.in/,,N,
VIHA DESIGN STUDIO,9663546601,Hubli,Interior Designers,Y,https://www.instagram.com/viha.designstudio/,,N,
Canaux Metals,9353015595,Hubli,Interior Designers,N,,,N,
LIGHTING LOUNGE,9900044744,Hubli,Interior Designers,N,,,N,
Architect Jayashree (JAYASHREE ASSOCIATES),9844127230,Hubli,Interior Designers,Y,https://architectjayashree.com/,,N,
VR Infra Solutions,8884295111,Hubli,Interior Designers,Y,https://vrinfrasolutions.com/,,N,
Royale Touche - Laminates - Plywood - Wooden Floors - Hubli (Luxury Home Solutions),6357981232,Hubli,Interior Designers,Y,https://stores.royaletouche.com/laminates-flooring-shop-new-hubli-hubli-7311/home,,N,
"Ultrafresh Modular Solutions Powered By Prestige - Hubli, Karnataka",7304500766,Hubli,Modular Kitchens,Y,https://www.ultrafreshindia.com/,"https://www.google.com/maps/place/Ultrafresh+Modular+Solutions+Powered+By+Prestige+-+Hubli,+Karnataka/data=!4m7!3m6!1s0x3bb8d74ce5039233:0x182d566a7bfece28!8m2!3d15.3621031!4d75.1477471!16s%2Fg%2F11vxh6nj13!19sChIJM5ID5UzXuDsRKM7-e2pWLRg?authuser=0&hl=en&rclk=1",N,
Yashwitha Ceramic,9535236401,Hubli,Interior Designers,Y,https://truedimensions.tech/virtual-tour/yashwitha-ceramics/,,N,
Unacademy Centre Hubballi,9148486661,Hubli,JEE NEET Coaching,Y,https://unacademy.com/offline/enquiry?counsellor=unacademy-user-VZIYT8I74AS6,,Y,Organic
"Avanti Learning Centres - Dharwad, Karnataka | IIT-JEE NEET NTSE & Foundation Coaching Classes",6366437712,Hubli,JEE NEET Coaching,Y,https://avanti.in/coaching-institutes-in-dharwad/,,Y,GBP
WeWia Modular Kitchen & Wardrobes Experience Centre,7406353760,Hubli,Modular Kitchens,N,,https://www.google.com/maps/place/WeWia+Modular+Kitchen+%26+Wardrobes+Experience+Centre/data=!4m7!3m6!1s0x47b6504d9c8316e7:0x2dca8ceb626ec525!8m2!3d15.3651106!4d75.1613379!16s%2Fg%2F11tmnwrk40!19sChIJ5xaDnE1QtkcRJcVuYuuMyi0?authuser=0&hl=en&rclk=1,Y,GBP
Hafele Studio Partner - Kitchen O Kulture,9036681004,Hubli,Modular Kitchens,N,,https://www.google.com/maps/place/Hafele+Studio+Partner+-+Kitchen+O+Kulture/data=!4m7!3m6!1s0x3bb8d95174e7fe8f:0x3bfcb78e6c6bff8b!8m2!3d15.3661049!4d75.1630345!16s%2Fg%2F11v5gn3s00!19sChIJj_7ndFHZuDsRi_9rbI63_Ds?authuser=0&hl=en&rclk=1,N,
Yusuf Furniture - Customised Modular Kitchen Services,9482909576,Hubli,Modular Kitchens,N,,https://www.google.com/maps/place/Yusuf+Furniture+-+Customised+Modular+Kitchen+Services/data=!4m7!3m6!1s0x3bb8d71e80fbfb39:0xf7f9b1c6f7b46f9f!8m2!3d15.3438488!4d75.1452892!16s%2Fg%2F11tbfrhk8t!19sChIJOfv7gB7XuDsRn2-098ax-fc?authuser=0&hl=en&rclk=1,N,
Aluminium modular kitchen,9999999999,Hubli,Modular Kitchens,N,,https://www.google.com/maps/place/Aluminium+modular+kitchen/data=!4m7!3m6!1s0x3bb8d78f1638e871:0xa6f6be6fb6dd0d56!8m2!3d15.3515373!4d75.1035908!16s%2Fg%2F11xcfjcsrj!19sChIJceg4Fo_XuDsRVg3dtm--9qY?authuser=0&hl=en&rclk=1,N,
Elements Kitchens Solutions,9900269592,Hubli,Modular Kitchens,N,,https://www.google.com/maps/place/Elements+Kitchens+Solutions/data=!4m7!3m6!1s0x3bb8d726767a7be1:0x9d5c1d16c3804ab1!8m2!3d15.3554037!4d75.1135667!16s%2Fg%2F11bzr832vd!19sChIJ4Xt6dibXuDsRsUqAwxYdXJ0?authuser=0&hl=en&rclk=1,N,
Mandovi Furnitures and Interiors,9480173085,Hubli,Modular Kitchens,N,,https://www.google.com/maps/place/Mandovi+Furnitures+and+Interiors/data=!4m7!3m6!1s0x3bb8d9aa30ee8e81:0xbf1eb508bfde5534!8m2!3d15.3658496!4d75.1623292!16s%2Fg%2F11lynchfqs!19sChIJgY7uMKrZuDsRNFXevwi1Hr8?authuser=0&hl=en&rclk=1,N,
Comfort kitchen,9483477238,Hubli,Modular Kitchens,N,,https://www.google.com/maps/place/Comfort+kitchen/data=!4m7!3m6!1s0x3bb8d72e6a33a773:0xad4b3a25801e9c61!8m2!3d15.354574!4d75.1128051!16s%2Fg%2F11gfdmctly!19sChIJc6czai7XuDsRYZwegCU6S60?authuser=0&hl=en&rclk=1,N,
Namma Kitchen,9035923813,Hubli,Modular Kitchens,N,,https://www.google.com/maps/place/Namma+Kitchen/data=!4m7!3m6!1s0x3bb8d7003a83adcb:0x18922f11524ac4e5!8m2!3d15.3505842!4d75.1169935!16s%2Fg%2F11lmlv10pr!19sChIJy62DOgDXuDsR5cRKUhEvkhg?authuser=0&hl=en&rclk=1,N,
Mahajan Kitchen & Interiors,9632012023,Hubli,Modular Kitchens,N,,https://www.google.com/maps/place/Mahajan+Kitchen+%26+Interiors/data=!4m7!3m6!1s0x3bb8d757380fe699:0x8243b3e0346c7917!8m2!3d15.3612513!4d75.1494804!16s%2Fg%2F11bzzxf6d4!19sChIJmeYPOFfXuDsRF3lsNOCzQ4I?authuser=0&hl=en&rclk=1,N,
New star modular kitchen,MISSING,Hubli,Modular Kitchens,N,,https://www.google.com/maps/place/New+star+modular+kitchen/data=!4m7!3m6!1s0x3bb8d7c093f53291:0x89ba2c51996529fc!8m2!3d15.3464817!4d75.1445506!16s%2Fg%2F11yrv3nnm6!19sChIJkTL1k8DXuDsR_CllmVEsuok?authuser=0&hl=en&rclk=1,N,
"AVM Granite - Sleek Studio - Modular Kitchen, Cabinets, Wardrobe and Fitted Furniture",8071178548,Hubli,Modular Kitchens,N,,"https://www.google.com/maps/place/AVM+Granite+-+Sleek+Studio+-+Modular+Kitchen,+Cabinets,+Wardrobe+and+Fitted+Furniture/data=!4m7!3m6!1s0x3bb8d771d9aae6c7:0x2778c4301a696146!8m2!3d15.350737!4d75.108768!16s%2Fg%2F11xl40ksjr!19sChIJx-aq2XHXuDsRRmFpGjDEeCc?authuser=0&hl=en&rclk=1",N,
Wewia manufacturing unit,MISSING,Hubli,Modular Kitchens,N,,https://www.google.com/maps/place/Wewia+manufacturing+unit/data=!4m7!3m6!1s0x3bb8d759b78a598d:0x27b1c3c4cb20408!8m2!3d15.3271311!4d75.1187902!16s%2Fg%2F11grthyqx9!19sChIJjVmKt1nXuDsRCASyTDwcewI?authuser=0&hl=en&rclk=1,N,
"Pigeon Exclusive Store - New Hubli, Hubballi | Chimneys, Hobs, Cast Iron Cookware & More",8364064400,Hubli,Modular Kitchens,N,,"https://www.google.com/maps/place/Pigeon+Exclusive+Store+-+New+Hubli,+Hubballi+%7C+Chimneys,+Hobs,+Cast+Iron+Cookware+%26+More/data=!4m7!3m6!1s0x3bb8d7b85ea98d6d:0xa60876913b79af59!8m2!3d15.349759!4d75.1415012!16s%2Fg%2F11trrqb53m!19sChIJbY2pXrjXuDsRWa95O5F2CKY?authuser=0&hl=en&rclk=1",N,
Nilkamal Homes- Premium Furniture and Homeware store,8363563811,Hubli,Modular Kitchens,N,,https://www.google.com/maps/place/Nilkamal+Homes-+Premium+Furniture+and+Homeware+store/data=!4m7!3m6!1s0x3bb8d7bfbec4f1dd:0x4b5e729830cc3f2f!8m2!3d15.3627163!4d75.1541903!16s%2Fg%2F11qg57gkqv!19sChIJ3fHEvr_XuDsRLz_MMJhyXks?authuser=0&hl=en&rclk=1,N,
V R Kitchens Gallery,MISSING,Hubli,Modular Kitchens,N,,https://www.google.com/maps/place/V+R+Kitchens+Gallery/data=!4m7!3m6!1s0x3bb8d782d9311639:0x737721afccc7dada!8m2!3d15.3577473!4d75.1349571!16s%2Fg%2F11vbcm2knt!19sChIJORYx2YLXuDsR2trHzK8hd3M?authuser=0&hl=en&rclk=1,N,
Rolex India | Wholesale Kitchen Baskets in Hubballi,8340928642,Hubli,Modular Kitchens,N,,https://www.google.com/maps/place/Rolex+India+%7C+Wholesale+Kitchen+Baskets+in+Hubballi/data=!4m7!3m6!1s0x3bb8d74a9277866f:0x4dc749e482deaef3!8m2!3d15.360605!4d75.1480121!16s%2Fg%2F11fq1p5nsl!19sChIJb4Z3kkrXuDsR867eguRJx00?authuser=0&hl=en&rclk=1,N,
R R Living Comforts,9972017474,Hubli,Modular Kitchens,N,,https://www.google.com/maps/place/R+R+Living+Comforts/data=!4m7!3m6!1s0x3bb8d750b07d1da1:0x8542c36f664eb311!8m2!3d15.3605634!4d75.1480089!16s%2Fg%2F1td1sx2h!19sChIJoR19sFDXuDsREbNOZm_DQoU?authuser=0&hl=en&rclk=1,N,
R. K. Furniture,9620877865,Hubli,Modular Kitchens,N,,https://www.google.com/maps/place/R.+K.+Furniture/data=!4m7!3m6!1s0x3bb8d750d35d671f:0x1adf986861ef3334!8m2!3d15.3621942!4d75.1486686!16s%2Fg%2F11bzx765v0!19sChIJH2dd01DXuDsRNDPvYWiY3xo?authuser=0&hl=en&rclk=1,N,
Delight Furniture ( New Delight ),9035475085,Hubli,Modular Kitchens,N,,https://www.google.com/maps/place/Delight+Furniture+%28+New+Delight+%29/data=!4m7!3m6!1s0x3bb8cd70176844d5:0x1edd218a04076eac!8m2!3d15.3620007!4d75.1515936!16s%2Fg%2F1v75qbs0!19sChIJ1URoF3DNuDsRrG4HBIoh3R4?authuser=0&hl=en&rclk=1,N,
"Sanjivani Interio - Sleek Studio - Modular Kitchen, Cabinets, Wardrobe and Fitted Furniture",8071178506,Hubli,Modular Kitchens,N,,"https://www.google.com/maps/place/Sanjivani+Interio+-+Sleek+Studio+-+Modular+Kitchen,+Cabinets,+Wardrobe+and+Fitted+Furniture/data=!4m7!3m6!1s0x3bb8d3134cd33dc1:0xc118147829a70d3e!8m2!3d15.444045!4d75.0140007!16s%2Fg%2F11kj_4bbr6!19sChIJwT3TTBPTuDsRPg2nKXgUGME?authuser=0&hl=en&rclk=1",N,
"Malani Granite - Sleek Studio - Modular Kitchen, Cabinets, Wardrobe and Fitted Furniture",8071178633,Hubli,Modular Kitchens,N,,"https://www.google.com/maps/place/Malani+Granite+-+Sleek+Studio+-+Modular+Kitchen,+Cabinets,+Wardrobe+and+Fitted+Furniture/data=!4m7!3m6!1s0x3bbec7b85a3131cf:0x65cef5c6d0674a68!8m2!3d15.262498!4d75.0561715!16s%2Fg%2F11y75x_km_!19sChIJzzExWrjHvjsRaEpn0Mb1zmU?authuser=0&hl=en&rclk=1",N,
Magnum Home Solutions,7353830627,Hubli,Modular Kitchens,N,,https://www.google.com/maps/place/Magnum+Home+Solutions/data=!4m7!3m6!1s0x3bb8d746be823913:0x92ce9ca69608b509!8m2!3d15.3544682!4d75.1358569!16s%2Fg%2F11f2b94zph!19sChIJEzmCvkbXuDsRCbUIlqaczpI?authuser=0&hl=en&rclk=1,N,
IVAS Modular Kitchen & Wardrobe - Hubli,9900080007,Hubli,Modular Kitchens,N,,https://www.google.com/maps/place/IVAS+Modular+Kitchen+%26+Wardrobe+-+Hubli/data=!4m7!3m6!1s0x3bb8d776d6a5e0d7:0x9d50606803a498e6!8m2!3d15.3541908!4d75.1352909!16s%2Fg%2F11y5l3n871!19sChIJ1-Cl1nbXuDsR5pikA2hgUJ0?authuser=0&hl=en&rclk=1,N,
Ambadas Home Studio Hubli- Top Home Interior Designers,9448396320,Hubli,Modular Kitchens,N,,https://www.google.com/maps/place/Ambadas+Home+Studio+Hubli-+Top+Home+Interior+Designers/data=!4m7!3m6!1s0x3bb8d777c741dcc3:0xc9e2f8bf67873a67!8m2!3d15.347169!4d75.1455442!16s%2Fg%2F1tghbl7x!19sChIJw9xBx3fXuDsRZzqHZ7_44sk?authuser=0&hl=en&rclk=1,N,
teerth interiors,8892987160,Hubli,Modular Kitchens,N,,https://www.google.com/maps/place/teerth+interiors/data=!4m7!3m6!1s0x3bb8d75522520b17:0x3c49c62d3a845364!8m2!3d15.3701489!4d75.1521895!16s%2Fg%2F12ml2lf5r!19sChIJFwtSIlXXuDsRZFOEOi3GSTw?authuser=0&hl=en&rclk=1,N,
J INTERIORS | Modular Kitchen and Wardrobes | Interior Designer | Modular Furnitures | Best Interiors in Hubli,8095941764,Hubli,Modular Kitchens,N,,https://www.google.com/maps/place/J+INTERIORS+%7C+Modular+Kitchen+and+Wardrobes+%7C+Interior+Designer+%7C+Modular+Furnitures+%7C+Best+Interiors+in+Hubli/data=!4m7!3m6!1s0x3bb8d7f9f44e9ccd:0x7e436f02a985107f!8m2!3d15.3607535!4d75.1145563!16s%2Fg%2F11l33bgjdf!19sChIJzZxO9PnXuDsRfxCFqQJvQ34?authuser=0&hl=en&rclk=1,Y,GBP
Delhi Academy of Medical Sciences [ DAMS HUBBALLI ],9353104153,Hubli,JEE NEET Coaching,N,,,N,
SRI CHAITANYA PU & CBSE(+2) COLLEGE,7619253035,Hubli,JEE NEET Coaching,N,,,N,
Manju's Maths,9559557695,Hubli,JEE NEET Coaching,Y,http://www.manjusmaths.com/,,N,
OMEGA TUTORIAL,8861188468,Hubli,JEE NEET Coaching,N,,,N,
Chetan P. U. Science College,8660577545,Hubli,JEE NEET Coaching,Y,http://www.chetancollege.co.in/,,N,
"KLE Prerana PU College, BVB Campus, Hubballi",8362371123,Hubli,JEE NEET Coaching,Y,http://www.klepreranapuhbl.org/,,N,
Vidyaniketan P.U. Science College,8364254985,Hubli,JEE NEET Coaching,N,,,N,
Champions Net Cricket Coaching Center,9620032943,Hubli,JEE NEET Coaching,N,,,N,
Excellent NEET Academy,8088573878,Hubli,JEE NEET Coaching,Y,http://www.excellentneetacademy.com/,,N,
Manju's Maths - Before School Maths,9559557695,Hubli,JEE NEET Coaching,Y,http://www.manjusmaths.com/,,N,
Sukruti PU Science College,9972045678,Hubli,JEE NEET Coaching,N,,,N,
"Chinmaya PU College of Science and Commerce,Hubballi.(ಚಿನ್ಮಯ ಪಿಯು ಸೈನ್ಸ್ ಅಂಡ್ ಕಾಮರ್ಸ್ ಕಾಲೇಜು, ಹುಬ್ಬಳ್ಳಿ)",8362972363,Hubli,JEE NEET Coaching,Y,http://chinmayacollegehubli.in/,,N,
Hosur BRTS Stop,9741182942,Hubli,JEE NEET Coaching,N,,,N,
Padmasambhava Wellbeing Center,7406677747,Hubli,JEE NEET Coaching,Y,https://pwcpranichealing.in/,,N,
BASE PU College,7899681403,Hubli,JEE NEET Coaching,Y,https://basepucollege.edu.in/,,N,
Karnataka Medical College and Research Institute (KMC-RI),8362370057,Hubli,JEE NEET Coaching,Y,https://kmcrihubballi.karnataka.gov.in/,,N,
BASE Educational Services Pvt. Ltd.,9353909146,Hubli,JEE NEET Coaching,Y,https://www.baseedu.in/,,N,
Dendrite Academy,8367967124,Hubli,JEE NEET Coaching,N,,,N,
Spectrum Study Center,9886027201,Hubli,JEE NEET Coaching,N,,,N,
PHYSIOFIT Physiotherapy Centre,8362258443,Hubli,Physiotherapy,Y,http://www.physiofitcentre.com/,https://www.google.com/maps/place/PHYSIOFIT+Physiotherapy+Centre/data=!4m7!3m6!1s0x3bb8d75b530a0fa7:0xa0bd477f6568590b!8m2!3d15.3541073!4d75.1430434!16s%2Fg%2F11bzs2cvs8!19sChIJpw8KU1vXuDsRC1loZX9HvaA?authuser=0&hl=en&rclk=1,Y,GBP
"Kshema Physiotherapy & Chiropractic Centre (Dr.Vasudev Vader, MPT, Senior Physiotherapist)",9448648988,Hubli,Physiotherapy,Y,http://kshemaphysiotherapyhubli.com/,,Y,GBP
Sanmati Physiotherapy Clinic (Physiotherapy In Hubli),9844764551,Hubli,Physiotherapy,N,,,N,
SPINE PLUS,9579548254,Hubli,Physiotherapy,N,,,N,
ABBNESS PHYSIOTHERAPY & RESEARCH CENTRE,9480906692,Hubli,Physiotherapy,N,,,N,
Dr.Rajendra I. Dugani,8362357000,Hubli,Physiotherapy,Y,https://hubalicdcclinic.whitecoats.com/,,N,
PRO-ACE PHYSIOTHERAPY & SPORTS SCIENCE CENTRE,8310852559,Hubli,Physiotherapy,N,,,N,
Sumedh Physiotherapy Centre,9886115952,Hubli,Physiotherapy,N,,,N,
Nirmala Physiotherapy & Rehabiliation Centre,8362362041,Hubli,Physiotherapy,N,,,N,
Dr Vivek Patil,8970053669,Hubli,Physiotherapy,Y,http://www.drvivekspatil.com/,,N,
V Care Diagnostic & Orthopaedic Centre,8970053669,Hubli,Physiotherapy,Y,http://www.drvivekspatil.com/,https://www.google.com/maps/place/V+Care+Diagnostic+%26+Orthopaedic+Centre/data=!4m7!3m6!1s0x3bb8d74472557053:0x40fcaadef2c8c14f!8m2!3d15.3537504!4d75.1387129!16s%2Fg%2F11c45rgjjs!19sChIJU3BVckTXuDsRT8HI8t6q_EA?authuser=0&hl=en&rclk=1,N,
Navajeeva Abhyangalaya,9483929962,Hubli,Physiotherapy,N,,,N,
SRS physiotherapy centre,9538820099,Hubli,Physiotherapy,N,,,N,
Healthify Hijama cupping therapy centre,9980744118,Hubli,Physiotherapy,Y,http://www.healthifycuppingtherapy.com/,https://www.google.com/maps/place/Healthify+Hijama+cupping+therapy+centre/data=!4m7!3m6!1s0x3bb8d9fac4740d83:0x8e7f36fc322f8995!8m2!3d15.3546355!4d75.1300883!16s%2Fg%2F11sfjmghr5!19sChIJgw10xPrZuDsRlYkvMvw2f44?authuser=0&hl=en&rclk=1,N,
PHYSIOTHERAPY CLINIC,9886080006,Hubli,Physiotherapy,N,,,N,
Habib clinic,9036081789,Hubli,Physiotherapy,N,,,N,
"Dr.Hari krishna Mata MS (ortho)JIPMER ,Fellow knee & Shoulder ( BOM)Fellow in Shoulder and Elbow England (UK)",9538820099,Hubli,Physiotherapy,Y,http://haripriyahospital.com/,,N,
Physioveda,7406206311,Hubli,Physiotherapy,N,,,N,
Shree Veerabhadreshwar Ortho Care Orthopedic Doctor Consultant Orthopedic and Arthroscopic Surgeon Best Orthopaedic Surgeon,8105279997,Hubli,Physiotherapy,Y,https://digital-visiting-card.healthfountain.info/digi/dr-mahantesh-halemani/,,N,
Balaji Physiotherapy,7676469073,Hubli,Physiotherapy,N,,,N,
NeuroWorld - Dr. Aniruddh Kulkarni,7899254790,Hubli,Physiotherapy,Y,https://www.draniruddhkulkarni.com/,,N,
Dr Shivaranjan Bali,7019188252,Hubli,Physiotherapy,N,,,N,
Dr VCARE INSTITUTE OF PHYSIOTHERAPY (VIOP) | NEURO SPINE ORTHO SPORTS | ROBOTIC PHYSIOTHERAPY,8197664191,Hubli,Physiotherapy,N,,,N,
Patanjali Wellness Vishwachetana Yoga and Research Centre,9035900980,Hubli,Physiotherapy,Y,https://www.yogaforfitlife.com/,,N,
Sunshine Hijama Center,8861672815,Hubli,Physiotherapy,N,,,N,
Navachaitanya Dispensary,9448236240,Hubli,Physiotherapy,N,,,N,
V CARE Super Speciality Hospital,7483327337,Hubli,Physiotherapy,N,,,N,
Hubli Scan Centre,8362257828,Hubli,Physiotherapy,Y,https://hubliscan.com/about.html,,N,
"SeCURE Hospital, Hubli",8364252020,Hubli,Physiotherapy,Y,https://www.securehospital.in/branches/hubballi-secure-hospital/,"https://www.google.com/maps/place/SeCURE+Hospital,+Hubli/data=!4m7!3m6!1s0x3bb8d7314dae0de1:0x977379937338e52f!8m2!3d15.348902!4d75.1150028!16s%2Fg%2F11j4qs4tsw!19sChIJ4Q2uTTHXuDsRL-U4c5N5c5c?authuser=0&hl=en&rclk=1",N,
Dr.Abhijith Shetty- Orthopedic spine surgeon,9019065596,Hubli,Physiotherapy,N,,,N,
Shishu Care Super Speciality Children Hospital,8618180527,Hubli,Physiotherapy,N,,https://www.google.com/maps/place/Shishu+Care+Super+Speciality+Children+Hospital/data=!4m7!3m6!1s0x3bb8d70543a1726b:0xa01212d192ff645a!8m2!3d15.3553861!4d75.1312133!16s%2Fg%2F11pz3t6hrl!19sChIJa3KhQwXXuDsRWmT_ktESEqA?authuser=0&hl=en&rclk=1,N,
"Kshema Joint, Spine & Nerve Physiotherapy centre (Dr.Vasudev Vader, MPT, Senior Physiotherapist)",9448648988,Hubli,Physiotherapy,N,,,Y,GBP
Dr Patel's Weight (Obesity) Management & Physiotherapy Clinic,9035152818,Hubli,Physiotherapy,N,,,N,
RD Properties hubli | Bungalow | plots | flats | apartments | land | independent house,8884299444,Hubli,Real Estate,Y,http://www.rdpropertieshubli.in/,,Y,GBP
Suvidha Realtors & Contructions Pvt Ltd (SRCPL),8884436600,Hubli,Real Estate,Y,http://www.suvidhaindraprastha.co.in/,,N,
Real Estate Hubli,9916962399,Hubli,Real Estate,N,,,Y,GBP
Sri Renuka Real Estate,7899543104,Hubli,Real Estate,N,,,N,
Morven Properties,9868998689,Hubli,Real Estate,Y,http://www.morvenproperties.in/,,N,
Real Estate broker Basavaraj Gangavati,9008321117,Hubli,Real Estate,N,,,Y,GBP
ReachMaxx Properties,9900263823,Hubli,Real Estate,Y,https://reachmaxx.com/,,N,
Sai Krupa Real Estate,9986141327,Hubli,Real Estate,N,,,N,
Shankargouda Real Estate,8618439351,Hubli,Real Estate,N,,,N,
Sewakram Realty,8431895637,Hubli,Real Estate,N,,,N,
Hubballi Homes,9945024417,Hubli,Real Estate,Y,http://www.hubballihomes.com/,,N,
Hubballi Developers And Builders,MISSING,Hubli,Real Estate,Y,http://www.hubballidevelopersandbuilders.com/,,N,
Al - Hashmi Real Estates,9844055277,Hubli,Real Estate,N,,,N,
VRUDHI REAL ESTATE CONSULTANCY AND PROPERTY DOCUMENTATION SERVICES,6829669985,Hubli,Real Estate,Y,https://www.instagram.com/vrudhi.real.estate.solutions?igsh=MWxvazN0em9kcHdyeg==,,N,
Vijaylaxmi Realtors,7353442999,Hubli,Real Estate,Y,http://vijaylaxmirealtors.co.in/,,N,
Smart Home Consultancy Real Estate,8197774609,Hubli,Real Estate,N,,,N,
HUBBALLI REAL ESTATE,9945182646,Hubli,Real Estate,N,,,N,
Nikshep Developers,9663004921,Hubli,Real Estate,Y,http://nikshepdevelopers.com/,,N,
SKYTOWN Builders and Developers,8550048000,Hubli,Real Estate,Y,https://www.skytowngroup.com/,,N,
Newgen Homes,7349028911,Hubli,Real Estate,Y,http://www.newgenhomes.in/,,N,
Real Promoters & Developers,9980832363,Hubli,Real Estate,N,,,N,
Aslisampatti developers,8884591123,Hubli,Real Estate,Y,https://aslisampatti.com/,,N,
Arihant Developers & Promoters,7676124097,Hubli,Real Estate,N,,,N,
Panora Lands,9686052999,Hubli,Real Estate,Y,https://www.panoralands.in/,,N,
Neelgund Developers,8050238777,Hubli,Real Estate,Y,https://www.neelgund.com/,,N,
SEACON PROPERTIES LLP,7090396669,Hubli,Real Estate,Y,http://www.seaconproperties.com/,,N,
Access Developers & Builders,9945120819,Hubli,Real Estate,N,,,N,
ANS Properties,8364264067,Hubli,Real Estate,Y,http://ansproperties.co.in/,,N,
Shriya Properties,8362232483,Hubli,Real Estate,Y,https://www.shriyaproperties.com/,,N,
Suvidha Indraprastha,8362532148,Hubli,Real Estate,Y,https://suvidhaindraprastha.co.in/index.html,,N,
Marvel Properties Pvt Ltd,9513081100,Hubli,Real Estate,Y,http://marvelproperties.co.in/,,N,
AAKRUTI DEVELOPERS HUBLI,9481012308,Hubli,Real Estate,Y,https://aakrutidevelopers.in/,,N,
"Prathama Builders & Land Developers in Hubli, Dharwad",9886261880,Hubli,Real Estate,Y,https://prathamadevelopers.com/,,N,
Ark Builders & Developers,8364264881,Hubli,Real Estate,Y,https://www.ark-builders.in/,,N,
Vedapriya developers,MISSING,Hubli,Real Estate,Y,https://www.tofler.in/vedapriya-developers-private-limited/company/U70109KA2022PTC161657,,N,
EVERGREEN REAL ESTATE,9741196443,Hubli,Real Estate,N,,,N,
Sri Krishna Enterprises,8362235235,Hubli,Real Estate,N,,,N,
World Square Towers,9650560561,Hubli,Real Estate,Y,https://www.worldsquare.in/,,N,
Plots For Sale,MISSING,Hubli,Real Estate,Y,http://plotsforsaleinhubli.com/,,N,
Kittur Developers,9886601044,Hubli,Real Estate,Y,http://www.kitturdevelopers.com/,,N,
SURMA GROUP,6362111161,Hubli,Real Estate,Y,https://wa.link/citw3a,,N,
Benni Avenue,9886120555,Hubli,Real Estate,N,,,N,
Dhanya properties,9113554588,Hubli,Real Estate,N,,,N,
"Unique Enterprises(Online application services,Home and Vehicle Loan services,Passport agency)",9845077082,Hubli,Real Estate,Y,http://jsdi.al/8sKSs,,N,
99acres Sales Office Hubli,7821202000,Hubli,Real Estate,Y,http://99acres.com/,,N,
Ujwal Developers & Builders,9945337071,Hubli,Real Estate,Y,https://ujwaldevelopers.com/,,N,
HubliProperties.in,7411286754,Hubli,Real Estate,Y,https://www.hubliproperties.in/,,N,
Upreal811,7795778300,Hubli,Real Estate,Y,http://www.upreal811.in/,,N,
Mohan Skin Care Clinic Hubli,8040245807,Hubli,Skin Clinics,N,,https://www.google.com/maps/place/Mohan+Skin+Care+Clinic+Hubli/data=!4m7!3m6!1s0x3bb8d742bc437d8f:0xf7c198a9d631ecf4!8m2!3d15.3487053!4d75.1418442!16s%2Fg%2F11b6t5swmx!19sChIJj31DvELXuDsR9Owx1qmYwfc?authuser=0&hl=en&rclk=1,Y,GBP
Dr Arpitha's Skin Hair & Aesthetics,8283909944,Hubli,Skin Clinics,N,,https://www.google.com/maps/place/Dr+Arpitha%27s+Skin+Hair+%26+Aesthetics/data=!4m7!3m6!1s0x3bb8d746003769b9:0xe8a843fd49eeb918!8m2!3d15.356625!4d75.1296396!16s%2Fg%2F11j84xvpht!19sChIJuWk3AEbXuDsRGLnuSf1DqOg?authuser=0&hl=en&rclk=1,Y,GBP
Hubli Skin Clinic,9108517456,Hubli,Skin Clinics,N,,https://www.google.com/maps/place/Hubli+Skin+Clinic/data=!4m7!3m6!1s0x3bb8d743604ed9e1:0x6310bfb17e678026!8m2!3d15.3535913!4d75.1403707!16s%2Fg%2F11f0437f_8!19sChIJ4dlOYEPXuDsRJoBnfrG_EGM?authuser=0&hl=en&rclk=1,N,
JEEVANNAVAR SKIN CARE CLINIC,8317453945,Hubli,Skin Clinics,N,,https://www.google.com/maps/place/JEEVANNAVAR+SKIN+CARE+CLINIC/data=!4m7!3m6!1s0x3bb8d7ec1c844189:0xc9349518c20e271a!8m2!3d15.3567105!4d75.1374267!16s%2Fg%2F11g10gnxcq!19sChIJiUGEHOzXuDsRGicOwhiVNMk?authuser=0&hl=en&rclk=1,Y,GBP
"Twacha Skin Hair Laser Clinic by Dr. Suman Odugoudar's - Best dermatologist in Vidyanagar, Hubli.",9535474155,Hubli,Skin Clinics,N,,"https://www.google.com/maps/place/Twacha+Skin+Hair+Laser+Clinic+by+Dr.+Suman+Odugoudar%27s+-+Best+dermatologist+in+Vidyanagar,+Hubli./data=!4m7!3m6!1s0x3bb8d1ae8aba328b:0xc3892da3f1a709f9!8m2!3d15.3680473!4d75.1199774!16s%2Fg%2F11mqccrm17!19sChIJizK6iq7RuDsR-Qmn8aMticM?authuser=0&hl=en&rclk=1",N,
"Dr Mohan Shendre .MD DNB, Mohan Skin Care Clinic hubli",9964519764,Hubli,Skin Clinics,N,,"https://www.google.com/maps/place/Dr+Mohan+Shendre+.MD+DNB,+Mohan+Skin+Care+Clinic+hubli/data=!4m7!3m6!1s0x3bb8d742bdadefe7:0x97c0e2aeca34161e!8m2!3d15.348795!4d75.141833!16s%2Fg%2F11b6t2s867!19sChIJ5--tvULXuDsRHhY0yq7iwJc?authuser=0&hl=en&rclk=1",Y,GBP
Dr Shruti Teggimani's Skin hair & laser clinic,9482906088,Hubli,Skin Clinics,N,,https://www.google.com/maps/place/Dr+Shruti+Teggimani%27s+Skin+hair+%26+laser+clinic/data=!4m7!3m6!1s0x3bb8d742549ca77f:0x524d98d724b353f3!8m2!3d15.3600303!4d75.1481345!16s%2Fg%2F11c6zy117p!19sChIJf6ecVELXuDsR81OzJNeYTVI?authuser=0&hl=en&rclk=1,N,
"Kololgi's Skin, Hair, Laser and Aesthetic Clinic",8123021829,Hubli,Skin Clinics,N,,"https://www.google.com/maps/place/Kololgi%27s+Skin,+Hair,+Laser+and+Aesthetic+Clinic/data=!4m7!3m6!1s0x3bb8d71a06f7e905:0xfa736d35e1955517!8m2!3d15.3616902!4d75.1165397!16s%2Fg%2F11y16hf33x!19sChIJBen3BhrXuDsRF1WV4TVtc_o?authuser=0&hl=en&rclk=1",N,
Pawar Skin and Onco Care Clinic,8363564972,Hubli,Skin Clinics,N,,https://www.google.com/maps/place/Pawar+Skin+and+Onco+Care+Clinic/data=!4m7!3m6!1s0x3bb8d9ff52623b87:0x52139f7f16946d6f!8m2!3d15.3621452!4d75.1520534!16s%2Fg%2F11s98c_ppd!19sChIJhztiUv_ZuDsRb22UFn-fE1I?authuser=0&hl=en&rclk=1,N,
Kolors Hair & Skin Clinic - Hubli,MISSING,Hubli,Skin Clinics,N,,https://www.google.com/maps/place/Kolors+Hair+%26+Skin+Clinic+-+Hubli/data=!4m7!3m6!1s0x3bb8d925192016ed:0xbde27f4574782f35!8m2!3d15.3614314!4d75.1499667!16s%2Fg%2F11vq29mf5d!19sChIJ7RYgGSXZuDsRNS94dEV_4r0?authuser=0&hl=en&rclk=1,N,
"G Square Clinic Skin, Hair and Plastic Surgery",9110610004,Hubli,Skin Clinics,N,,"https://www.google.com/maps/place/G+Square+Clinic+Skin,+Hair+and+Plastic+Surgery/data=!4m7!3m6!1s0x3bb8d7171d17291d:0x309aa5599c80c58c!8m2!3d15.3565758!4d75.1250681!16s%2Fg%2F11k9mmtj2j!19sChIJHSkXHRfXuDsRjMWAnFmlmjA?authuser=0&hl=en&rclk=1",N,
Dr P V Bhagwat Skin Clinic,9986155070,Hubli,Skin Clinics,N,,https://www.google.com/maps/place/Dr+P+V+Bhagwat+Skin+Clinic/data=!4m7!3m6!1s0x3bb8d70031e41f89:0x5e9196a38455e75f!8m2!3d15.3501705!4d75.1445884!16s%2Fg%2F11y8zv2m12!19sChIJiR_kMQDXuDsRX-dVhKOWkV4?authuser=0&hl=en&rclk=1,N,
Kolors Healthcare Hubli,9884706666,Hubli,Skin Clinics,N,,https://www.google.com/maps/place/Kolors+Healthcare+Hubli/data=!4m7!3m6!1s0x3bb8d7573f000e77:0x3998bbdc39cfc7e7!8m2!3d15.3614782!4d75.1499539!16s%2Fg%2F11hcw3rr1r!19sChIJdw4AP1fXuDsR58fPOdy7mDk?authuser=0&hl=en&rclk=1,N,
Supreme Hair & Skin Care,MISSING,Hubli,Skin Clinics,N,,https://www.google.com/maps/place/Supreme+Hair+%26+Skin+Care/data=!4m7!3m6!1s0x3bb8d7a2030d08df:0xbbc290ff48b9874a!8m2!3d15.3565831!4d75.1297067!16s%2Fg%2F11qzck_t2m!19sChIJ3wgNA6LXuDsRSoe5SP-Qwrs?authuser=0&hl=en&rclk=1,N,
Skin Care Clinic Dr.Shwetha F,8904491429,Hubli,Skin Clinics,N,,https://www.google.com/maps/place/Skin+Care+Clinic+Dr.Shwetha+F/data=!4m7!3m6!1s0x3bb8d7f16f5fd5e5:0xb0ea524633a18518!8m2!3d15.3458917!4d75.1449501!16s%2Fg%2F11vlr83lj0!19sChIJ5dVfb_HXuDsRGIWhM0ZS6rA?authuser=0&hl=en&rclk=1,N,
"Skin Care Center. Dr.Ravi Rathod (Proff & HOD, KIMS)",8362353432,Hubli,Skin Clinics,N,,"https://www.google.com/maps/place/Skin+Care+Center.+Dr.Ravi+Rathod+%28Proff+%26+HOD,+KIMS%29/data=!4m7!3m6!1s0x3bb8cd70176844d5:0xf0c5fb89aeda3db7!8m2!3d15.3531442!4d75.139336!16s%2Fg%2F1tl9l0b_!19sChIJ1URoF3DNuDsRtz3aron7xfA?authuser=0&hl=en&rclk=1",N,
"Dr Savitha Raichur – Suraksha Skin Clinic | Dermatologist & Cosmetologist in Hosur, Hubli-Dharwad",8364261622,Hubli,Skin Clinics,N,,"https://www.google.com/maps/place/Dr+Savitha+Raichur+%E2%80%93+Suraksha+Skin+Clinic+%7C+Dermatologist+%26+Cosmetologist+in+Hosur,+Hubli-Dharwad/data=!4m7!3m6!1s0x3bb8d73890c95555:0x1066214c6b84c893!8m2!3d15.3546731!4d75.1302956!16s%2Fg%2F11gfbdbbgl!19sChIJVVXJkDjXuDsRk8iEa0whZhA?authuser=0&hl=en&rclk=1",N,
Dr Patil's Derma Centre,9482237070,Hubli,Skin Clinics,N,,https://www.google.com/maps/place/Dr+Patil%27s+Derma+Centre/data=!4m7!3m6!1s0x3bb8d743d23be545:0x39694bbe57eaef8d!8m2!3d15.3507407!4d75.1376562!16s%2Fg%2F11byx89j6j!19sChIJReU70kPXuDsRje_qV75LaTk?authuser=0&hl=en&rclk=1,N,
Dr chandramohan K. Skin Care and Cure Clinic,8362352999,Hubli,Skin Clinics,N,,https://www.google.com/maps/place/Dr+chandramohan+K.+Skin+Care+and+Cure+Clinic/data=!4m7!3m6!1s0x3bb8cd70176844d5:0x7745c2ae6ddf35a4!8m2!3d15.3507995!4d75.1379134!16s%2Fg%2F1tjwg5js!19sChIJ1URoF3DNuDsRpDXfba7CRXc?authuser=0&hl=en&rclk=1,N,
Dr Pallavi Kanakpur's Vijaya Skin & Bone Clinic,9873430182,Hubli,Skin Clinics,N,,https://www.google.com/maps/place/Dr+Pallavi+Kanakpur%27s+Vijaya+Skin+%26+Bone+Clinic/data=!4m7!3m6!1s0x3bb8d73fb08e9fa9:0xb2088fbae47e4ac4!8m2!3d15.3551328!4d75.1324966!16s%2Fg%2F11vwkmxkkj!19sChIJqZ-OsD_XuDsRxEp-5LqPCLI?authuser=0&hl=en&rclk=1,N,
Dr Raghavendra Tophakhane Skin Clinic,8362351810,Hubli,Skin Clinics,N,,https://www.google.com/maps/place/Dr+Raghavendra+Tophakhane+Skin+Clinic/data=!4m7!3m6!1s0x3bb8d74bc8f082f7:0x9f6567be57e9e511!8m2!3d15.3656559!4d75.1348211!16s%2Fg%2F11fz9k23qj!19sChIJ94LwyEvXuDsREeXpV75nZZ8?authuser=0&hl=en&rclk=1,N,
MB Beauty Clinic | Skin Treatment | Bridal Makeup Artist | Salon | Academy,9900614456,Hubli,Skin Clinics,N,,https://www.google.com/maps/place/MB+Beauty+Clinic+%7C+Skin+Treatment+%7C+Bridal+Makeup+Artist+%7C+Salon+%7C+Academy/data=!4m7!3m6!1s0x3bb8d7568892b1bb:0xfa47ac47abf07584!8m2!3d15.3621511!4d75.152937!16s%2Fg%2F11fp9c71sp!19sChIJu7GSiFbXuDsRhHXwq0esR_o?authuser=0&hl=en&rclk=1,N,
Dr Palekar M S,9900116501,Hubli,Skin Clinics,N,,https://www.google.com/maps/place/Dr+Palekar+M+S/data=!4m7!3m6!1s0x3bb8cd70176844d5:0xbee2a0965d7dfd1!8m2!3d15.3664281!4d75.1564856!16s%2Fg%2F1tcwdf5_!19sChIJ1URoF3DNuDsR0d_XZQkq7gs?authuser=0&hl=en&rclk=1,N,
Dr.Grishmas skin and aesthetics centre,8861188611,Hubli,Skin Clinics,N,,https://www.google.com/maps/place/Dr.Grishmas+skin+and+aesthetics+centre/data=!4m7!3m6!1s0x3bb8d75234c4e9cf:0x301ae01400e5b044!8m2!3d15.3621685!4d75.1177098!16s%2Fg%2F11fhrh_tfx!19sChIJz-nENFLXuDsRRLDlABTgGjA?authuser=0&hl=en&rclk=1,N,
"Dr Savitha Raichur – Suraksha Skin Clinic | Dermatologist & Cosmetologist in Vidyanagar, Hubli-Dharwad",8364261622,Hubli,Skin Clinics,N,,"https://www.google.com/maps/place/Dr+Savitha+Raichur+%E2%80%93+Suraksha+Skin+Clinic+%7C+Dermatologist+%26+Cosmetologist+in+Vidyanagar,+Hubli-Dharwad/data=!4m7!3m6!1s0x3bb8d70861f3ee8d:0x91ef51481e93e124!8m2!3d15.3615496!4d75.1178396!16s%2Fg%2F11jly5cjgx!19sChIJje7zYQjXuDsRJOGTHkhR75E?authuser=0&hl=en&rclk=1",N,
VIBHA MULTI-SPECIALTY CLINIC,8362361088,Hubli,Skin Clinics,N,,https://www.google.com/maps/place/VIBHA+MULTI-SPECIALTY+CLINIC/data=!4m7!3m6!1s0x3bb8d750a91fb4cd:0x9dacbe4068a92eac!8m2!3d15.3601707!4d75.1481113!16s%2Fg%2F11hbgr7bq_!19sChIJzbQfqVDXuDsRrC6paEC-rJ0?authuser=0&hl=en&rclk=1,N,
Twachha Ayurveda Hair and Skin Care Clinic,9916371455,Hubli,Skin Clinics,N,,https://www.google.com/maps/place/Twachha+Ayurveda+Hair+and+Skin+Care+Clinic/data=!4m7!3m6!1s0x3bb8d798bf066b25:0x4e4a9ad1327b7b37!8m2!3d15.3574542!4d75.1176618!16s%2Fg%2F11kq207d1n!19sChIJJWsGv5jXuDsRN3t7MtGaSk4?authuser=0&hl=en&rclk=1,N,
"VCare Hair & Skin Clinic - Hubli | Skin Treatment, Hair Treatment, Hair Transplant, Laser Hair Removal, Skin Whitening",7395823232,Hubli,Skin Clinics,N,,"https://www.google.com/maps/place/VCare+Hair+%26+Skin+Clinic+-+Hubli+%7C+Skin+Treatment,+Hair+Treatment,+Hair+Transplant,+Laser+Hair+Removal,+Skin+Whitening/data=!4m7!3m6!1s0x3bb8d7c181f80f9f:0xa4ac0221ffd629e8!8m2!3d15.3591789!4d75.1273016!16s%2Fg%2F11l74by103!19sChIJnw_4gcHXuDsR6CnW_yECrKQ?authuser=0&hl=en&rclk=1",N,
Dr.Netra’s Laser Skin Clinic,9396926208,Hubli,Skin Clinics,N,,https://www.google.com/maps/place/Dr.Netra%E2%80%99s+Laser+Skin+Clinic/data=!4m7!3m6!1s0x3bb8d75f5f922fef:0xfabe978a777b6311!8m2!3d15.3613645!4d75.126292!16s%2Fg%2F11h7q560k3!19sChIJ7y-SX1_XuDsREWN7d4qXvvo?authuser=0&hl=en&rclk=1,N,
VLCC BEAUTY CLINIC ( Hubli ),7669530558,Hubli,Skin Clinics,N,,https://www.google.com/maps/place/VLCC+BEAUTY+CLINIC+%28+Hubli+%29/data=!4m7!3m6!1s0x3bb8cd70176844d5:0xe0e7e45c12760ea!8m2!3d15.3534829!4d75.140107!16s%2Fg%2F1vc_nt7x!19sChIJ1URoF3DNuDsR6mAnwUV-Dg4?authuser=0&hl=en&rclk=1,N,
"Dr.Rashmi's Skin, hair & laser clinic ,Hubli",MISSING,Hubli,Skin Clinics,N,,"https://www.google.com/maps/place/Dr.Rashmi%27s+Skin,+hair+%26+laser+clinic+,Hubli/data=!4m7!3m6!1s0x3bb8d19ca90331a3:0xbe0f3bc919f4aaf3!8m2!3d15.396974!4d75.0837843!16s%2Fg%2F11t6n7rc21!19sChIJozEDqZzRuDsR86r0Gck7D74?authuser=0&hl=en&rclk=1",N,
Skin Hair Cosmetology Clinic (Dr.Asha),MISSING,Hubli,Skin Clinics,N,,https://www.google.com/maps/place/Skin+Hair+Cosmetology+Clinic+%28Dr.Asha%29/data=!4m7!3m6!1s0x3bb8d7664e64f9ed:0xd5a3f33b56355cdf!8m2!3d15.3448456!4d75.1449553!16s%2Fg%2F11c0zsnm43!19sChIJ7flkTmbXuDsR31w1Vjvzo9U?authuser=0&hl=en&rclk=1,N,
"""SHRI LIPI SKIN CLINIC """,9148446856,Hubli,Skin Clinics,N,,https://www.google.com/maps/place/%22SHRI+LIPI+SKIN+CLINIC+%22/data=!4m7!3m6!1s0x3bb8d743d9855c45:0x91101410c2566ba4!8m2!3d15.354624!4d75.126895!16s%2Fg%2F11b_00xznx!19sChIJRVyF2UPXuDsRpGtWwhAUEJE?authuser=0&hl=en&rclk=1,N,
Hubli Plastic And Cosmetic Surgery(Hubli Plastic Surgery),9396926208,Hubli,Skin Clinics,N,,https://www.google.com/maps/place/Hubli+Plastic+And+Cosmetic+Surgery%28Hubli+Plastic+Surgery%29/data=!4m7!3m6!1s0x3bb8d729e0d6b91d:0xd77044fcc270623e!8m2!3d15.3562147!4d75.1458829!16s%2Fg%2F11ts0rn6d3!19sChIJHbnW4CnXuDsRPmJwwvxEcNc?authuser=0&hl=en&rclk=1,N,
Skin Clinic,8123296936,Hubli,Skin Clinics,N,,https://www.google.com/maps/place/Skin+Clinic/data=!4m7!3m6!1s0x3bb8d7683d2703b5:0xdd75907a8aa93f73!8m2!3d15.3470461!4d75.1412319!16s%2Fg%2F11cpg6tl_2!19sChIJtQMnPWjXuDsRcz-pinqQdd0?authuser=0&hl=en&rclk=1,N,
Dr. Hegde's Skin and hair clinic,9396926208,Hubli,Skin Clinics,N,,https://www.google.com/maps/place/Dr.+Hegde%27s+Skin+and+hair+clinic/data=!4m7!3m6!1s0x3bb8d13afe230719:0xe952ae9f5ff34ad1!8m2!3d15.3747104!4d75.1178954!16s%2Fg%2F11xp3cjl7w!19sChIJGQcj_jrRuDsR0UrzX5-uUuk?authuser=0&hl=en&rclk=1,N,
Derma Follic Hubballi - Skin & Hair Cosmetics Care Centre,8884391444,Hubli,Skin Clinics,N,,https://www.google.com/maps/place/Derma+Follic+Hubballi+-+Skin+%26+Hair+Cosmetics+Care+Centre/data=!4m7!3m6!1s0x3bb8d724e44e4905:0x44811fde9d6201bb!8m2!3d15.3649319!4d75.1244564!16s%2Fg%2F11hzsv5vjb!19sChIJBUlO5CTXuDsRuwFind4fgUQ?authuser=0&hl=en&rclk=1,N,
Relook hair&skin care hubli,MISSING,Hubli,Skin Clinics,N,,https://www.google.com/maps/place/Relook+hair%26skin+care+hubli/data=!4m7!3m6!1s0x3bb8d753b54de8b5:0xe4639a970975efeb!8m2!3d15.3520086!4d75.1386053!16s%2Fg%2F11vpqv7zdn!19sChIJtehNtVPXuDsR6-91CZeaY-Q?authuser=0&hl=en&rclk=1,N,
"Dr. Mohan S Shendre, 10+ yrs of Exp | Best Dermatologist in Hubli | Skin & Hair Specialist",8047349095,Hubli,Skin Clinics,N,,"https://www.google.com/maps/place/Dr.+Mohan+S+Shendre,+10%2B+yrs+of+Exp+%7C+Best+Dermatologist+in+Hubli+%7C+Skin+%26+Hair+Specialist/data=!4m7!3m6!1s0x3bb8d9c986b8a523:0x94f1b5162a877e69!8m2!3d15.3251646!4d75.1761821!16s%2Fg%2F11sjds9kqs!19sChIJI6W4hsnZuDsRaX6HKha18ZQ?authuser=0&hl=en&rclk=1",N,
Dr Asha Kulasaekaran,8362264403,Hubli,Skin Clinics,N,,https://www.google.com/maps/place/Dr+Asha+Kulasaekaran/data=!4m7!3m6!1s0x3bb8cd70176844d5:0x30148ead3c420700!8m2!3d15.3448661!4d75.1450384!16s%2Fg%2F1tdkw3lc!19sChIJ1URoF3DNuDsRAAdCPK2OFDA?authuser=0&hl=en&rclk=1,N,
Advance Skin And Hair Clinic,7019649077,Hubli,Skin Clinics,N,,https://www.google.com/maps/place/Advance+Skin+And+Hair+Clinic/data=!4m7!3m6!1s0x3bb8f96ed1d49cdd:0x21fb4f1622e34315!8m2!3d15.3517692!4d75.0995755!16s%2Fg%2F11q3yc74c6!19sChIJ3ZzU0W75uDsRFUPjIhZP-yE?authuser=0&hl=en&rclk=1,N,
Dr.Jeevannavar's Clinic,8317453945,Hubli,Skin Clinics,N,,https://www.google.com/maps/place/Dr.Jeevannavar%27s+Clinic/data=!4m7!3m6!1s0x3bb8d6d91b18b375:0x7e266d4063ac79fb!8m2!3d15.353192!4d75.1042982!16s%2Fg%2F12m9gct2w!19sChIJdbMYG9nWuDsR-3msY0BtJn4?authuser=0&hl=en&rclk=1,N,
Hair and Skin Factory,8861672815,Hubli,Skin Clinics,N,,https://www.google.com/maps/place/Hair+and+Skin+Factory/data=!4m7!3m6!1s0x3bb8d7e7974848d3:0xbf7a6fa26049f2cf!8m2!3d15.3639124!4d75.1229217!16s%2Fg%2F11h_7937t7!19sChIJ00hIl-fXuDsRz_JJYKJver8?authuser=0&hl=en&rclk=1,N,
Suraksha Clinic,7411711409,Hubli,Skin Clinics,N,,https://www.google.com/maps/place/Suraksha+Clinic/data=!4m7!3m6!1s0x3bb8d732bfdc603d:0x96c1666e5d9a45b9!8m2!3d15.3615247!4d75.11784!16s%2Fg%2F11hf7672x3!19sChIJPWDcvzLXuDsRuUWaXW5mwZY?authuser=0&hl=en&rclk=1,N,
Dr. Kishor's Plastic Surgery Clinic,9867167097,Hubli,Skin Clinics,N,,https://www.google.com/maps/place/Dr.+Kishor%27s+Plastic+Surgery+Clinic/data=!4m7!3m6!1s0x3bb8d754a47d3465:0x967b9f0111265595!8m2!3d15.353598!4d75.1277551!16s%2Fg%2F11sd9bgkcb!19sChIJZTR9pFTXuDsRlVUmEQGfe5Y?authuser=0&hl=en&rclk=1,N,
"Dhruv skin, Hair and Laser Clinic",9731884338,Hubli,Skin Clinics,N,,"https://www.google.com/maps/place/Dhruv+skin,+Hair+and+Laser+Clinic/data=!4m7!3m6!1s0x3bb8d744740cc8b7:0x28807a4891c264ee!8m2!3d15.3485741!4d75.1101404!16s%2Fg%2F11cm0fjghl!19sChIJt8gMdETXuDsR7mTCkUh6gCg?authuser=0&hl=en&rclk=1",N,
Sukhada Vascular Institute Dr. Chetan Hoskatti - Varicose Veins | Diabetic Foot | Gangrene Specialist,8362353262,Hubli,Skin Clinics,N,,https://www.google.com/maps/place/Sukhada+Vascular+Institute+Dr.+Chetan+Hoskatti+-+Varicose+Veins+%7C+Diabetic+Foot+%7C+Gangrene+Specialist/data=!4m7!3m6!1s0x3bb8d77422ed592f:0xbec9ebc78f51bc4d!8m2!3d15.359034!4d75.1239089!16s%2Fg%2F11gf9d1x2d!19sChIJL1ntInTXuDsRTbxRj8fryb4?authuser=0&hl=en&rclk=1,N,
Mister Hair Clinic - Hubli,7338671338,Hubli,Skin Clinics,N,,https://www.google.com/maps/place/Mister+Hair+Clinic+-+Hubli/data=!4m7!3m6!1s0x3bb8d14c918f52a7:0x1ea93790be36f60d!8m2!3d15.3644375!4d75.1246875!16s%2Fg%2F11msr5rnch!19sChIJp1KPkUzRuDsRDfY2vpA3qR4?authuser=0&hl=en&rclk=1,N,
Atreya Ayurveda Clinic and Panchakarma centre,9481570642,Hubli,Skin Clinics,N,,https://www.google.com/maps/place/Atreya+Ayurveda+Clinic+and+Panchakarma+centre/data=!4m7!3m6!1s0x3bb8d75b8ffd1785:0x3f5caf48d619daf7!8m2!3d15.3630332!4d75.1488785!16s%2Fg%2F11c3q3b91f!19sChIJhRf9j1vXuDsR99oZ1kivXD8?authuser=0&hl=en&rclk=1,N,
Doll House by Fatima,8971188613,Hubli,Skin Clinics,N,,https://www.google.com/maps/place/Doll+House+by+Fatima/data=!4m7!3m6!1s0x3bb8d96cfe3ee11f:0xc6c0c30dbcef8e2c!8m2!3d15.3678523!4d75.1589073!16s%2Fg%2F11rn0r0lcg!19sChIJH-E-_mzZuDsRLI7vvA3DwMY?authuser=0&hl=en&rclk=1,N,
Betacon Hospital Care Towards Diabetes,8362281228,Hubli,Skin Clinics,N,,https://www.google.com/maps/place/Betacon+Hospital+Care+Towards+Diabetes/data=!4m7!3m6!1s0x3bb8d733e9c417d9:0x4841ae8520844c7b!8m2!3d15.3652327!4d75.1499379!16s%2Fg%2F1hm37b0ls!19sChIJ2RfE6TPXuDsRe0yEIIWuQUg?authuser=0&hl=en&rclk=1,N,
HCG Suchirayu Hospital - Hubli,8362239000,Hubli,Skin Clinics,N,,https://www.google.com/maps/place/HCG+Suchirayu+Hospital+-+Hubli/data=!4m7!3m6!1s0x3bb8d73bf6a02d87:0x6f87c8f3931ba1d8!8m2!3d15.3526056!4d75.1244712!16s%2Fg%2F1q6jbfwj_!19sChIJhy2g9jvXuDsR2KEbk_PIh28?authuser=0&hl=en&rclk=1,N,
Hubli Hijama Centre And Cupping Therapy,MISSING,Hubli,Skin Clinics,N,,https://www.google.com/maps/place/Hubli+Hijama+Centre+And+Cupping+Therapy/data=!4m7!3m6!1s0x3bb8d73594d66311:0x8e591b24ddf3ae52!8m2!3d15.346217!4d75.1456863!16s%2Fg%2F11gxmgm_vl!19sChIJEWPWlDXXuDsRUq7z3SQbWY4?authuser=0&hl=en&rclk=1,N,
Raghavendra Clinic,9449864820,Hubli,Skin Clinics,N,,https://www.google.com/maps/place/Raghavendra+Clinic/data=!4m7!3m6!1s0x3bb8d7533e720be5:0x75a20159d40a865f!8m2!3d15.3696946!4d75.1469618!16s%2Fg%2F11sjhg034v!19sChIJ5QtyPlPXuDsRX4YK1FkBonU?authuser=0&hl=en&rclk=1,N,
Regenerative Center,9243256399,Hubli,Skin Clinics,N,,https://www.google.com/maps/place/Regenerative+Center/data=!4m7!3m6!1s0x3bb8d768f4bd4eb3:0x3833977d0c4fbfd9!8m2!3d15.3460577!4d75.1442514!16s%2Fg%2F11bztf1_13!19sChIJs0699GjXuDsR2b9PDH2XMzg?authuser=0&hl=en&rclk=1,N,
Hair O Craft,9048484266,Hubli,Skin Clinics,N,,https://www.google.com/maps/place/Hair+O+Craft/data=!4m7!3m6!1s0x3bb8d7ef8c9384d9:0xad4de096da30bed7!8m2!3d15.3514891!4d75.1255254!16s%2Fg%2F11vlhdn_2y!19sChIJ2YSTjO_XuDsR174w2pbgTa0?authuser=0&hl=en&rclk=1,N,
Zain clinic,MISSING,Hubli,Skin Clinics,N,,https://www.google.com/maps/place/Zain+clinic/data=!4m7!3m6!1s0x3bb8d70504a65edd:0xc72517abec409064!8m2!3d15.3320135!4d75.1139639!16s%2Fg%2F11gcd_c4c4!19sChIJ3V6mBAXXuDsRZJBA7KsXJcc?authuser=0&hl=en&rclk=1,N,
JEEVAN JYOTI HOMEOCARE Homeopathy clinic,7895575645,Hubli,Skin Clinics,N,,https://www.google.com/maps/place/JEEVAN+JYOTI+HOMEOCARE+Homeopathy+clinic/data=!4m7!3m6!1s0x3bb8d71d9e16e7ab:0x55919215cea9b6e4!8m2!3d15.3657107!4d75.1578143!16s%2Fg%2F11vz1gdmtf!19sChIJq-cWnh3XuDsR5LapzhWSkVU?authuser=0&hl=en&rclk=1,N,
Sri Vishnu Clinic,8105427314,Hubli,Skin Clinics,N,,https://www.google.com/maps/place/Sri+Vishnu+Clinic/data=!4m7!3m6!1s0x3bb8d7b329baa4c9:0xeb170ec6ecbafedf!8m2!3d15.3619018!4d75.1488603!16s%2Fg%2F11wn_9r2q6!19sChIJyaS6KbPXuDsR3_667MYOF-s?authuser=0&hl=en&rclk=1,N,
Om Ayurveda Clinic & Panchakarma Centre,MISSING,Hubli,Skin Clinics,N,,https://www.google.com/maps/place/Om+Ayurveda+Clinic+%26+Panchakarma+Centre/data=!4m7!3m6!1s0x3bb8d91ac3efa4ed:0xa4c408f1fb1e5b68!8m2!3d15.3623926!4d75.1558322!16s%2Fg%2F11mm850_22!19sChIJ7aTvwxrZuDsRaFse-_EIxKQ?authuser=0&hl=en&rclk=1,N,
Topkhane Dr R S,MISSING,Hubli,Skin Clinics,N,,https://www.google.com/maps/place/Topkhane+Dr+R+S/data=!4m7!3m6!1s0x3bb8cd70176844d5:0x932ce246489ae607!8m2!3d15.3657366!4d75.1346823!16s%2Fg%2F1td3dgtp!19sChIJ1URoF3DNuDsRB-aaSEbiLJM?authuser=0&hl=en&rclk=1,N,
Rahul Clinic,9448591674,Hubli,Skin Clinics,N,,https://www.google.com/maps/place/Rahul+Clinic/data=!4m7!3m6!1s0x3bb8d767172e6723:0x3b82c7fae8be1d1e!8m2!3d15.3496451!4d75.1390564!16s%2Fg%2F11c0v60cgr!19sChIJI2cuF2fXuDsRHh2-6PrHgjs?authuser=0&hl=en&rclk=1,N,
"Dr Batra’s Homeopathy, Hair & Skin Clinic",7045000666,Hubli,Skin Clinics,N,,"https://www.google.com/maps/place/Dr+Batra%E2%80%99s+Homeopathy,+Hair+%26+Skin+Clinic/data=!4m7!3m6!1s0x3bb8d7384746a0a9:0x3eb757069016fefe!8m2!3d15.350347!4d75.1151417!16s%2Fg%2F11b7rtp9vh!19sChIJqaBGRzjXuDsR_v4WkAZXtz4?authuser=0&hl=en&rclk=1",N,
Sudhi's Hair Fixing,MISSING,Hubli,Skin Clinics,N,,https://www.google.com/maps/place/Sudhi%27s+Hair+Fixing/data=!4m7!3m6!1s0x3bb8d744c1d890f5:0x9ba2ee304d4f1951!8m2!3d15.3551798!4d75.1413392!16s%2Fg%2F11b_00ct97!19sChIJ9ZDYwUTXuDsRURlPTTDuops?authuser=0&hl=en&rclk=1,N,
Recon Plastic Surgery Center,9599854449,Hubli,Skin Clinics,N,,https://www.google.com/maps/place/Recon+Plastic+Surgery+Center/data=!4m7!3m6!1s0x3bb8d79c51c9621f:0x9b180b509b01d2ef!8m2!3d15.3621035!4d75.1175852!16s%2Fg%2F11jnvnp2rh!19sChIJH2LJUZzXuDsR79IBm1ALGJs?authuser=0&hl=en&rclk=1,N,
Hubli PRP Treatment Centre For Hair and Skin,9396926208,Hubli,Skin Clinics,N,,https://www.google.com/maps/place/Hubli+PRP+Treatment+Centre+For+Hair+and+Skin/data=!4m7!3m6!1s0x3bb8d7f0b3df41a7:0x7fdb6bd89ec057c3!8m2!3d15.346226!4d75.1458876!16s%2Fg%2F11l_8k8y3x!19sChIJp0Hfs_DXuDsRw1fAnthr238?authuser=0&hl=en&rclk=1,N,
Renuka Rajendra Dugani,9901774008,Hubli,Skin Clinics,N,,https://www.google.com/maps/place/Renuka+Rajendra+Dugani/data=!4m7!3m6!1s0x3bb8d7d75275ae95:0xb19e03548b37b292!8m2!3d15.3539705!4d75.1402737!16s%2Fg%2F11yf___tdm!19sChIJla51UtfXuDsRkrI3i1QDnrE?authuser=0&hl=en&rclk=1,N,
Sri Sainath Clinic and Ayurvedic skin care center,9449106977,Hubli,Skin Clinics,N,,https://www.google.com/maps/place/Sri+Sainath+Clinic+and+Ayurvedic+skin+care+center/data=!4m7!3m6!1s0x3bb8d78f375e4531:0xaa15267f2af6c517!8m2!3d15.331288!4d75.1319714!16s%2Fg%2F11tsgcbnr6!19sChIJMUVeN4_XuDsRF8X2Kn8mFao?authuser=0&hl=en&rclk=1,N,
Asian Homeocare | Homeopathy Clinic Hubli,9071082088,Hubli,Skin Clinics,N,,https://www.google.com/maps/place/Asian+Homeocare+%7C+Homeopathy+Clinic+Hubli/data=!4m7!3m6!1s0x3bb8d76936acb1cb:0xaf1ea5bdec48592!8m2!3d15.3627813!4d75.122052!16s%2Fg%2F11why6vh4b!19sChIJy7GsNmnXuDsRkoXE3lvq8Qo?authuser=0&hl=en&rclk=1,N,
Praanavaidya Ayurvedic Hospital - Hubballi,8065903145,Hubli,Skin Clinics,N,,https://www.google.com/maps/place/Praanavaidya+Ayurvedic+Hospital+-+Hubballi/data=!4m7!3m6!1s0x3bb8d77faa591fe5:0xc57fb18520838afe!8m2!3d15.3608276!4d75.112283!16s%2Fg%2F11xs3c1ndf!19sChIJ5R9Zqn_XuDsR_oqDIIWxf8U?authuser=0&hl=en&rclk=1,N,
PRAGATHI CLINIC,MISSING,Hubli,Skin Clinics,N,,https://www.google.com/maps/place/PRAGATHI+CLINIC/data=!4m7!3m6!1s0x3bb8d7524e437dc3:0x36b24c161cf7c0fe!8m2!3d15.3510938!4d75.1239912!16s%2Fg%2F11tk4ybyt0!19sChIJw31DTlLXuDsR_sD3HBZMsjY?authuser=0&hl=en&rclk=1,N,
"Newlife Clinic Navanagar, Hubli",9986067532,Hubli,Skin Clinics,N,,"https://www.google.com/maps/place/Newlife+Clinic+Navanagar,+Hubli/data=!4m7!3m6!1s0x3bb8d19ee947190f:0x3ad43d3d89787cf9!8m2!3d15.3968079!4d75.0836884!16s%2Fg%2F11t7p5t5z0!19sChIJDxlH6Z7RuDsR-Xx4iT091Do?authuser=0&hl=en&rclk=1",N,
Soukhya Clinic Dr. Somanath BM'S Ent & Allergy Clinic,9481306550,Hubli,Skin Clinics,N,,https://www.google.com/maps/place/Soukhya+Clinic+Dr.+Somanath+BM%27S+Ent+%26+Allergy+Clinic/data=!4m7!3m6!1s0x3bb8d740bfffffff:0x95d043269db2de74!8m2!3d15.3537504!4d75.1387129!16s%2Fg%2F11hf0989yb!19sChIJ____v0DXuDsRdN6ynSZD0JU?authuser=0&hl=en&rclk=1,N,
Shri Krushna Ayurveda Clinic,MISSING,Hubli,Skin Clinics,N,,https://www.google.com/maps/place/Shri+Krushna+Ayurveda+Clinic/data=!4m7!3m6!1s0x3bb8d1a0ed0f68e1:0xa684d29b89e1595a!8m2!3d15.3674186!4d75.1333424!16s%2Fg%2F11mw729k3v!19sChIJ4WgP7aDRuDsRWlnhiZvShKY?authuser=0&hl=en&rclk=1,N,
Saptagiri Clinic,9396926208,Hubli,Skin Clinics,N,,https://www.google.com/maps/place/Saptagiri+Clinic/data=!4m7!3m6!1s0x3bb8d708b2802c89:0x47e185af3c3f55c!8m2!3d15.3507403!4d75.1087682!16s%2Fg%2F11mkly3d_3!19sChIJiSyAsgjXuDsRXPXD81oYfgQ?authuser=0&hl=en&rclk=1,N,
Dr.Bashi Clinic,9945843686,Hubli,Skin Clinics,N,,https://www.google.com/maps/place/Dr.Bashi+Clinic/data=!4m7!3m6!1s0x3bb8d760b0ea570b:0x8e34974edb241a02!8m2!3d15.3474116!4d75.1493301!16s%2Fg%2F11g8wcb03t!19sChIJC1fqsGDXuDsRAhok206XNI4?authuser=0&hl=en&rclk=1,N,
Vivekanand General Hospital,8362251002,Hubli,Skin Clinics,N,,https://www.google.com/maps/place/Vivekanand+General+Hospital/data=!4m7!3m6!1s0x3bb8d744f2f09e63:0x1af09274bead1a06!8m2!3d15.3550867!4d75.1403581!16s%2Fg%2F1td70f_2!19sChIJY57w8kTXuDsRBhqtvnSS8Bo?authuser=0&hl=en&rclk=1,N,
HCG NMR Cancer Centre Hubli,9886211522,Hubli,Skin Clinics,N,,https://www.google.com/maps/place/HCG+NMR+Cancer+Centre+Hubli/data=!4m7!3m6!1s0x3bb8d7440fb4ba31:0x1f0f77c68cfe4fc0!8m2!3d15.3540542!4d75.1389776!16s%2Fg%2F11ddzcldnn!19sChIJMbq0D0TXuDsRwE_-jMZ3Dx8?authuser=0&hl=en&rclk=1,N,
RJR Herbal Hospital - Hubli,7639077711,Hubli,Skin Clinics,N,,https://www.google.com/maps/place/RJR+Herbal+Hospital+-+Hubli/data=!4m7!3m6!1s0x3bb8d7bf969e941f:0x2015c10e59784415!8m2!3d15.3505304!4d75.1151312!16s%2Fg%2F11ynxbmcxy!19sChIJH5Selr_XuDsRFUR4WQ7BFSA?authuser=0&hl=en&rclk=1,N,
Dr Channabasayya S Hiremath - Homeopathy Doctor Hubli-Dharwad,9071082088,Hubli,Skin Clinics,N,,https://www.google.com/maps/place/Dr+Channabasayya+S+Hiremath+-+Homeopathy+Doctor+Hubli-Dharwad/data=!4m7!3m6!1s0x3bb8d7d536fa1d99:0x6fa2351ec244e61f!8m2!3d15.3627967!4d75.1220455!16s%2Fg%2F11mcv9bbhr!19sChIJmR36NtXXuDsRH-ZEwh41om8?authuser=0&hl=en&rclk=1,N,
PRAKRUTI CLINIC,MISSING,Hubli,Skin Clinics,N,,https://www.google.com/maps/place/PRAKRUTI+CLINIC/data=!4m7!3m6!1s0x3bb8d72a15e4beb1:0x1bb471bb77a4a5f2!8m2!3d15.3639792!4d75.1092624!16s%2Fg%2F11tn5k3px7!19sChIJsb7kFSrXuDsR8qWkd7txtBs?authuser=0&hl=en&rclk=1,N,
Xtent Unisex Salon Spa,6364562344,Hubli,Skin Clinics,N,,https://www.google.com/maps/place/Xtent+Unisex+Salon+Spa/data=!4m7!3m6!1s0x3bb8d793063d11f3:0x4ef15b2bbc0acb!8m2!3d15.3485791!4d75.1101392!16s%2Fg%2F11fp8nd735!19sChIJ8xE9BpPXuDsRywq8K1vxTgA?authuser=0&hl=en&rclk=1,N,
Veda Hair Fixing - Top Hair Fixing In Hubbli,8123600687,Hubli,Skin Clinics,N,,https://www.google.com/maps/place/Veda+Hair+Fixing+-+Top+Hair+Fixing+In+Hubbli/data=!4m7!3m6!1s0x3bb8d7ef3777633b:0xc294876cd35ff639!8m2!3d15.3475547!4d75.1401664!16s%2Fg%2F11sdwjpcbv!19sChIJO2N3N-_XuDsROfZf02yHlMI?authuser=0&hl=en&rclk=1,N,
Shree Vishwa Vande Ayurveda Panchakarma & Infertility Clinic,7378795500,Hubli,Skin Clinics,N,,https://www.google.com/maps/place/Shree+Vishwa+Vande+Ayurveda+Panchakarma+%26+Infertility+Clinic/data=!4m7!3m6!1s0x3bb8d71b378c6c43:0xad5ac9484c0836ca!8m2!3d15.3536025!4d75.1386605!16s%2Fg%2F11fcrh00d4!19sChIJQ2yMNxvXuDsRyjYITEjJWq0?authuser=0&hl=en&rclk=1,Y,GBP
Balaji Hospitals,9886229701,Hubli,Skin Clinics,N,,https://www.google.com/maps/place/Balaji+Hospitals/data=!4m7!3m6!1s0x3bb8d738471c89a3:0xfe06f825896f3654!8m2!3d15.3566575!4d75.126056!16s%2Fg%2F12hpp3r27!19sChIJo4kcRzjXuDsRVDZviSX4Bv4?authuser=0&hl=en&rclk=1,N,
Dhanwantari twacha Ayurveda Hubli,9396926208,Hubli,Skin Clinics,N,,https://www.google.com/maps/place/Dhanwantari+twacha+Ayurveda+Hubli/data=!4m7!3m6!1s0x3bb8d1a817c511e7:0xaf0e5c2c03ee7dc2!8m2!3d15.3859195!4d75.1166176!16s%2Fg%2F11vbcdsqgt!19sChIJ5xHFF6jRuDsRwn3uAyxcDq8?authuser=0&hl=en&rclk=1,N,
Spandana Health Care,9480410410,Hubli,Skin Clinics,N,,https://www.google.com/maps/place/Spandana+Health+Care/data=!4m7!3m6!1s0x3bb8d6db92cacc25:0x9c994bfd7f9f76bb!8m2!3d15.3515685!4d75.1005364!16s%2Fg%2F11gdg54ymw!19sChIJJczKktvWuDsRu3aff_1LmZw?authuser=0&hl=en&rclk=1,N,
Homeocare International Hubli | Best Homeopathy Clinic In Hubli,8985714250,Hubli,Skin Clinics,N,,https://www.google.com/maps/place/Homeocare+International+Hubli+%7C+Best+Homeopathy+Clinic+In+Hubli/data=!4m7!3m6!1s0x3bb8d73455555555:0x14b975f615448f0a!8m2!3d15.3561822!4d75.129848!16s%2Fg%2F1tdr1rhh!19sChIJVVVVVTTXuDsRCo9EFfZ1uRQ?authuser=0&hl=en&rclk=1,N,
"Dr. Shirol, Sampige Plastic Surgery Centre Hubli, North Karnataka | 10000+ Patients Treated",7353756777,Hubli,Skin Clinics,N,,"https://www.google.com/maps/place/Dr.+Shirol,+Sampige+Plastic+Surgery+Centre+Hubli,+North+Karnataka+%7C+10000%2B+Patients+Treated/data=!4m7!3m6!1s0x3bb8d77e513c4301:0x27a3dcc60f9f059f!8m2!3d15.3507798!4d75.1116341!16s%2Fg%2F1232jdls5!19sChIJAUM8UX7XuDsRnwWfD8bcoyc?authuser=0&hl=en&rclk=1",N,
Mantris Health Solutions,9035658533,Hubli,Skin Clinics,N,,https://www.google.com/maps/place/Mantris+Health+Solutions/data=!4m7!3m6!1s0x3bb8d721b88a6233:0x7d4b33f485c0bf01!8m2!3d15.3469387!4d75.1119745!16s%2Fg%2F11fx9v1lkn!19sChIJM2KKuCHXuDsRAb_AhfQzS30?authuser=0&hl=en&rclk=1,N,
Chaitanya Clinic,8364252020,Hubli,Skin Clinics,N,,https://www.google.com/maps/place/Chaitanya+Clinic/data=!4m7!3m6!1s0x3bb8d72eeb7c2d39:0x72d3925529a539f9!8m2!3d15.3615368!4d75.1154234!16s%2Fg%2F11b_012jdr!19sChIJOS186y7XuDsR-TmlKVWS03I?authuser=0&hl=en&rclk=1,N,
Sanjeevini Homeopathy Hubballi,9886915333,Hubli,Skin Clinics,N,,https://www.google.com/maps/place/Sanjeevini+Homeopathy+Hubballi/data=!4m7!3m6!1s0x3bb8d7450aa27be7:0xc68b29ea784aaa8!8m2!3d15.3507477!4d75.13763!16s%2Fg%2F11nxv5bmd1!19sChIJ53uiCkXXuDsRqKqEp56yaAw?authuser=0&hl=en&rclk=1,N,
Shree Sadguru Homeopathic clinic,9663703802,Hubli,Skin Clinics,N,,https://www.google.com/maps/place/Shree+Sadguru+Homeopathic+clinic/data=!4m7!3m6!1s0x3bb8d77c457ec85d:0x434c0a22fbe92d0d!8m2!3d15.3476152!4d75.1401266!16s%2Fg%2F11tjdtc364!19sChIJXch-RXzXuDsRDS3p-yIKTEM?authuser=0&hl=en&rclk=1,N,
Shri Haripriya Enterprises,9980293543,Hubli,Skin Clinics,N,,https://www.google.com/maps/place/Shri+Haripriya+Enterprises/data=!4m7!3m6!1s0x3bb8d7ebafe60aa9:0xdb3999f02d02299f!8m2!3d15.3461412!4d75.1429035!16s%2Fg%2F11ns9k5kv6!19sChIJqQrmr-vXuDsRnykCLfCZOds?authuser=0&hl=en&rclk=1,N,
Darsh Clinic,9396926208,Hubli,Skin Clinics,N,,https://www.google.com/maps/place/Darsh+Clinic/data=!4m7!3m6!1s0x3bb8d10b87c2bc2b:0x36ffd534b5614de8!8m2!3d15.3854596!4d75.1146754!16s%2Fg%2F11sbd2hvs3!19sChIJK7zChwvRuDsR6E1htTTV_zY?authuser=0&hl=en&rclk=1,N,
SDM POLYCLINIC,8362277201,Hubli,Skin Clinics,N,,https://www.google.com/maps/place/SDM+POLYCLINIC/data=!4m7!3m6!1s0x3bb8d7313576861d:0xba3b1a32f3c16f0e!8m2!3d15.3622839!4d75.1252149!16s%2Fg%2F11g71cpr2j!19sChIJHYZ2NTHXuDsRDm_B8zIaO7o?authuser=0&hl=en&rclk=1,N,
Advanced GroHair & GloSkin - Hubbali,9751156789,Hubli,Skin Clinics,N,,https://www.google.com/maps/place/Advanced+GroHair+%26+GloSkin+-+Hubbali/data=!4m7!3m6!1s0x3bb8d751da3e6791:0x8ae6f3d8790e6ee7!8m2!3d15.3508509!4d75.1023189!16s%2Fg%2F11xdl65_pk!19sChIJkWc-2lHXuDsR524Oedjz5oo?authuser=0&hl=en&rclk=1,N,
Dermatology IPD,MISSING,Hubli,Skin Clinics,N,,https://www.google.com/maps/place/Dermatology+IPD/data=!4m7!3m6!1s0x3bb8d700400ab8e7:0xe702132489f902ec!8m2!3d15.3630251!4d75.1333628!16s%2Fg%2F11vz45fxp9!19sChIJ57gKQADXuDsR7AL5iSQTAuc?authuser=0&hl=en&rclk=1,N,
Amogh Clinic,8364252020,Hubli,Skin Clinics,N,,https://www.google.com/maps/place/Amogh+Clinic/data=!4m7!3m6!1s0x3bb8d733f12fa6c9:0xa7a0eafb004b068!8m2!3d15.3647247!4d75.124847!16s%2Fg%2F11hb6dq1sm!19sChIJyaYv8TPXuDsRaLAEsK8Oego?authuser=0&hl=en&rclk=1,N,
Kim's opd,MISSING,Hubli,Skin Clinics,N,,https://www.google.com/maps/place/Kim%27s+opd/data=!4m7!3m6!1s0x3bb8d7c74235fa73:0xe369b45c5d565342!8m2!3d15.3581653!4d75.1364673!16s%2Fg%2F11scjr01s3!19sChIJc_o1QsfXuDsRQlNWXVy0aeM?authuser=0&hl=en&rclk=1,N,
Ego Wellness Pvt. Ltd,8364257013,Hubli,Skin Clinics,N,,https://www.google.com/maps/place/Ego+Wellness+Pvt.+Ltd/data=!4m7!3m6!1s0x3bb8d733d6e60767:0x1cb457b8934740f1!8m2!3d15.3639308!4d75.1229343!16s%2Fg%2F11bzsfd70g!19sChIJZwfm1jPXuDsR8UBHk7hXtBw?authuser=0&hl=en&rclk=1,N,
KIMS Hospital,MISSING,Hubli,Skin Clinics,N,,https://www.google.com/maps/place/KIMS+Hospital/data=!4m7!3m6!1s0x3bb8d7362c696f51:0xf6ebcd495f43f41a!8m2!3d15.3619807!4d75.1319247!16s%2Fg%2F11h9y64s71!19sChIJUW9pLDbXuDsRGvRDX0nN6_Y?authuser=0&hl=en&rclk=1,N,
Dr. Gouri skin specialist,9396926208,Hubli,Skin Clinics,N,,https://www.google.com/maps/place/Dr.+Gouri+skin+specialist/data=!4m7!3m6!1s0x3bb8cd29cb9f7ceb:0x545b07759357379d!8m2!3d15.4649058!4d74.9956317!16s%2Fg%2F11fmbb7jsk!19sChIJ63yfyynNuDsRnTdXk3UHW1Q?authuser=0&hl=en&rclk=1,N,
Kalghatgi Hospital,8362228334,Hubli,Skin Clinics,N,,https://www.google.com/maps/place/Kalghatgi+Hospital/data=!4m7!3m6!1s0x3bb8d74346ead7ef:0x56851cc702a6959f!8m2!3d15.3531448!4d75.1422898!16s%2Fg%2F1tzvt_h7!19sChIJ79fqRkPXuDsRn5WmAscchVY?authuser=0&hl=en&rclk=1,N,
Dr Channabasappa Kori,9535740470,Hubli,Skin Clinics,N,,https://www.google.com/maps/place/Dr+Channabasappa+Kori/data=!4m7!3m6!1s0x3bb8d740bfffffff:0xf6cefbec6af99adc!8m2!3d15.3515125!4d75.1326469!16s%2Fg%2F11p0vzvj9d!19sChIJ____v0DXuDsR3Jr5auz7zvY?authuser=0&hl=en&rclk=1,N,
Apavarga Ayurvedalayam,8762151648,Hubli,Skin Clinics,N,,https://www.google.com/maps/place/Apavarga+Ayurvedalayam/data=!4m7!3m6!1s0x3bb8d79616ce27d7:0x675570d61746a52!8m2!3d15.3578747!4d75.1239413!16s%2Fg%2F11rfmv6pxz!19sChIJ1yfOFpbXuDsRUmp0YQ1XdQY?authuser=0&hl=en&rclk=1,N,
Tatwadarsha Hospital,9893070156,Hubli,Skin Clinics,N,,https://www.google.com/maps/place/Tatwadarsha+Hospital/data=!4m7!3m6!1s0x3bb8d725159e6ca9:0xc8f91414e5da9a34!8m2!3d15.3560484!4d75.1181147!16s%2Fg%2F11b7hlz17n!19sChIJqWyeFSXXuDsRNJra5RQU-cg?authuser=0&hl=en&rclk=1,N,
"Indira IVF Fertility Centre - Best IVF Center in Hubli, Karnataka",8867181100,Hubli,Skin Clinics,N,,"https://www.google.com/maps/place/Indira+IVF+Fertility+Centre+-+Best+IVF+Center+in+Hubli,+Karnataka/data=!4m7!3m6!1s0x3bb8d767ad7fc42b:0x1de2dcb44d4d192e!8m2!3d15.3501618!4d75.1396141!16s%2Fg%2F11j4dkqh86!19sChIJK8R_rWfXuDsRLhlNTbTc4h0?authuser=0&hl=en&rclk=1",Y,GBP
Desai Dr H V,8362364524,Hubli,Skin Clinics,N,,https://www.google.com/maps/place/Desai+Dr+H+V/data=!4m7!3m6!1s0x3bb8d7678126c357:0x892ff74ff9f2554c!8m2!3d15.3484088!4d75.1455396!16s%2Fg%2F1wj_4g_p!19sChIJV8MmgWfXuDsRTFXy-U_3L4k?authuser=0&hl=en&rclk=1,N,
mission zero hubballi trust,MISSING,Hubli,Skin Clinics,N,,https://www.google.com/maps/place/mission+zero+hubballi+trust/data=!4m7!3m6!1s0x3bb8d916f8af0af5:0x551ebd6c4e3903e0!8m2!3d15.3645038!4d75.1593015!16s%2Fg%2F11kbjt82lm!19sChIJ9Qqv-BbZuDsR4AM5Tmy9HlU?authuser=0&hl=en&rclk=1,N,
Shivakrupa Hospital (Dugani),8362350448,Hubli,Skin Clinics,N,,https://www.google.com/maps/place/Shivakrupa+Hospital+%28Dugani%29/data=!4m7!3m6!1s0x3bb8d75cbc29d1c5:0x12c5922d4c6db6a7!8m2!3d15.3526763!4d75.1441253!16s%2Fg%2F1tf5c5md!19sChIJxdEpvFzXuDsRp7ZtTC2SxRI?authuser=0&hl=en&rclk=1,N,
